merged_rank,opinion_rank,Name,Position,Team,ADP,vs_adp,n_sources,ours_ceiling,fusion,clay_proj,beat_bb,qual,legup,playoff_up,dk_adp
1,1,Puka Nacua,WR,LAR,3.923579,3.0,8,1.0,2.0,3.0,3.0,1.0,4.0,3.0,4.0
2,2,Jahmyr Gibbs,RB,DET,1.1574535,-1.0,8,5.0,8.0,2.0,1.0,1.0,1.0,6.0,1.0
3,3,Jaxon Smith-Njigba,WR,SEA,5.4150596,2.0,8,3.0,3.0,10.0,4.0,1.0,5.0,28.0,5.0
4,4,Bijan Robinson,RB,ATL,2.0989115,-2.0,8,4.0,9.0,5.0,5.0,22.0,2.0,49.0,2.0
5,5,Jonathan Taylor,RB,IND,8.428704,3.0,7,11.0,12.0,17.0,6.0,,7.0,19.0,8.0
6,6,Ja'Marr Chase,WR,CIN,3.0714905,-3.0,8,2.0,35.0,8.0,2.0,1.0,3.0,32.0,3.0
7,7,Amon-Ra St. Brown,WR,DET,7.1643257,0.0,8,6.0,30.0,12.0,8.0,1.0,9.0,9.0,7.0
8,8,CeeDee Lamb,WR,DAL,10.389036,2.0,8,8.0,20.0,24.0,7.0,32.0,10.0,21.0,10.0
9,10,James Cook III,RB,BUF,11.130455,2.0,8,17.0,18.0,29.0,9.0,47.0,12.0,2.0,11.0
10,20,Christian McCaffrey,RB,SF,6.256311,-4.0,8,7.0,103.0,4.0,11.0,43.0,6.0,38.0,6.0
11,12,Drake London,WR,ATL,17.398739,6.0,8,13.0,24.0,43.0,20.0,23.0,17.0,58.0,17.0
12,17,Justin Jefferson,WR,MIN,8.967708,-3.0,7,10.0,72.0,26.0,10.0,,8.0,52.0,9.0
13,16,Saquon Barkley,RB,PHI,13.358328,0.0,8,39.0,43.0,39.0,23.0,1.0,13.0,29.0,13.0
14,42,Ashton Jeanty,RB,LV,12.128224,-2.0,8,22.0,164.0,31.0,12.0,28.0,11.0,88.0,12.0
15,11,Derrick Henry,RB,BAL,20.30244,6.0,8,20.0,19.0,40.0,24.0,50.0,20.0,4.0,21.0
16,19,De'Von Achane,RB,MIA,19.072338,3.0,8,12.0,37.0,23.0,13.0,24.0,15.0,137.0,19.0
17,55,Kenneth Walker III,RB,KC,14.764475,-3.0,4,,129.0,,17.0,,14.0,,14.0
18,14,George Pickens,WR,DAL,24.32811,6.0,8,33.0,14.0,63.0,18.0,1.0,27.0,26.0,24.0
19,32,Omarion Hampton,RB,LAC,15.472762,-4.0,7,27.0,109.0,30.0,21.0,,16.0,53.0,15.0
20,9,Josh Allen,QB,BUF,27.015394,6.0,8,9.0,4.0,1.0,29.0,58.0,33.0,1.0,26.0
21,35,Chase Brown,RB,CIN,16.945114,-5.0,7,36.0,97.0,42.0,14.0,,21.0,57.0,16.0
22,22,Nico Collins,WR,HOU,22.560112,0.0,8,15.0,33.0,53.0,19.0,1.0,22.0,119.0,22.0
23,21,DeVonta Smith,WR,PHI,28.101109,5.0,8,41.0,26.0,64.0,27.0,1.0,30.0,23.0,28.0
24,34,A.J. Brown,WR,NE,17.701973,-6.0,8,18.0,111.0,55.0,25.0,42.0,19.0,18.0,18.0
25,23,Trey McBride,TE,ARI,24.179825,-2.0,8,31.0,23.0,51.0,22.0,29.0,23.0,83.0,23.0
26,31,Brock Bowers,TE,LV,20.01768,-6.0,8,45.0,62.0,61.0,15.0,25.0,18.0,73.0,20.0
27,24,Jeremiyah Love,RB,ARI,27.258656,0.0,7,26.0,36.0,32.0,16.0,,24.0,107.0,27.0
28,25,Kyren Williams,RB,LAR,30.113329,2.0,7,48.0,16.0,56.0,34.0,,39.0,15.0,30.0
29,26,,,,,,2,,,38.0,,,,34.0,
30,18,Zay Flowers,WR,BAL,32.1413,2.0,8,35.0,15.0,62.0,39.0,1.0,32.0,5.0,32.0
31,39,Rashee Rice,WR,KC,25.12171,-6.0,8,14.0,132.0,41.0,26.0,63.0,25.0,25.0,25.0
32,28,Breece Hall,RB,NYJ,31.94612,-1.0,8,16.0,64.0,34.0,33.0,49.0,26.0,74.0,31.0
33,30,Javonte Williams,RB,DAL,38.24001,5.0,7,38.0,55.0,45.0,43.0,,35.0,36.0,38.0
34,38,Chris Olave,WR,NO,28.638472,-5.0,8,32.0,104.0,60.0,28.0,1.0,28.0,68.0,29.0
35,37,Tee Higgins,WR,CIN,35.447487,0.0,8,55.0,68.0,75.0,30.0,1.0,29.0,54.0,35.0
36,51,Emeka Egbuka,WR,TB,32.572506,-3.0,8,53.0,106.0,73.0,37.0,1.0,43.0,82.0,33.0
37,50,Ladd McConkey,WR,LAC,34.686108,-3.0,8,49.0,108.0,72.0,40.0,26.0,36.0,59.0,34.0
38,41,Colston Loveland,TE,CHI,39.75494,2.0,8,78.0,21.0,86.0,35.0,33.0,45.0,60.0,40.0
39,70,Travis Etienne Jr.,RB,NO,36.58683,-3.0,7,54.0,134.0,59.0,32.0,,31.0,87.0,36.0
40,62,Malik Nabers,WR,NYG,37.554016,-3.0,8,23.0,166.0,54.0,41.0,46.0,37.0,60.0,37.0
41,44,Davante Adams,WR,LAR,47.151356,6.0,8,42.0,86.0,67.0,45.0,59.0,42.0,10.0,47.0
42,57,Garrett Wilson,WR,NYJ,38.980015,-3.0,7,25.0,143.0,50.0,31.0,,34.0,78.0,39.0
43,47,Luther Burden III,WR,CHI,41.94492,-2.0,8,73.0,27.0,89.0,53.0,38.0,40.0,85.0,41.0
44,66,Tetairoa McMillan,WR,CAR,42.8902,-2.0,8,29.0,112.0,65.0,42.0,77.0,38.0,126.0,42.0
45,48,Jaylen Waddle,WR,DEN,47.38509,3.0,8,56.0,52.0,78.0,50.0,54.0,44.0,77.0,48.0
46,40,Jameson Williams,WR,DET,52.61034,6.0,7,57.0,38.0,77.0,44.0,,57.0,17.0,52.0
47,13,Lamar Jackson,QB,BAL,53.30057,6.0,7,24.0,17.0,6.0,46.0,,61.0,7.0,53.0
48,56,Josh Jacobs,RB,GB,43.47012,-5.0,8,28.0,155.0,35.0,36.0,80.0,41.0,27.0,43.0
49,43,Christian Watson,WR,GB,54.84723,5.0,8,83.0,13.0,104.0,51.0,1.0,59.0,46.0,54.0
50,79,Cam Skattebo,RB,NYG,43.974316,-6.0,8,63.0,127.0,58.0,68.0,85.0,46.0,86.0,44.0
51,59,Terry McLaurin,WR,WAS,45.20436,-6.0,8,59.0,115.0,71.0,55.0,21.0,51.0,42.0,45.0
52,60,DJ Moore,WR,BUF,46.30887,-6.0,7,71.0,87.0,83.0,47.0,,53.0,12.0,46.0
53,53,D'Andre Swift,RB,CHI,51.135727,-2.0,7,79.0,22.0,81.0,49.0,,50.0,94.0,51.0
54,101,David Montgomery,RB,HOU,49.94771,-5.0,7,97.0,146.0,93.0,57.0,,48.0,166.0,49.0
55,99,Mike Evans,WR,SF,50.520687,-5.0,7,82.0,204.0,107.0,38.0,,47.0,70.0,50.0
56,52,Carnell Tate,WR,TEN,62.66945,6.0,8,58.0,42.0,76.0,52.0,47.0,58.0,99.0,62.0
57,110,Quinshon Judkins,RB,CLE,55.36754,-2.0,8,64.0,223.0,69.0,59.0,86.0,49.0,201.0,55.0
58,61,TreVeyon Henderson,RB,NE,57.293255,-1.0,7,85.0,57.0,79.0,54.0,,55.0,41.0,57.0
59,15,Drake Maye,QB,NE,65.47819,6.0,7,19.0,6.0,7.0,69.0,,64.0,16.0,65.0
60,67,Bhayshul Tuten,RB,JAX,55.50911,-4.0,8,90.0,60.0,84.0,48.0,27.0,52.0,108.0,56.0
61,63,Rome Odunze,WR,CHI,58.597237,-3.0,8,65.0,62.0,82.0,61.0,51.0,60.0,80.0,58.0
62,74,Joe Burrow,QB,CIN,59.050907,-3.0,7,80.0,51.0,14.0,64.0,,66.0,230.0,59.0
63,36,Jayden Daniels,QB,WAS,69.296234,6.0,8,34.0,65.0,11.0,65.0,40.0,65.0,45.0,69.0
64,65,Caleb Williams,QB,CHI,70.281555,6.0,8,50.0,73.0,25.0,70.0,71.0,75.0,142.0,70.0
65,87,Bucky Irving,RB,TB,59.720066,-5.0,8,61.0,191.0,70.0,56.0,64.0,54.0,95.0,60.0
66,68,Tyler Warren,TE,IND,61.25373,-5.0,7,77.0,66.0,87.0,73.0,,56.0,20.0,61.0
67,93,Brian Thomas Jr.,WR,JAX,62.907593,-4.0,7,103.0,100.0,116.0,63.0,,68.0,116.0,63.0
68,69,Jadarian Price,RB,SEA,65.58188,-2.0,7,91.0,25.0,97.0,58.0,,63.0,76.0,66.0
69,76,Parker Washington,WR,JAX,64.096855,-5.0,8,94.0,47.0,109.0,60.0,39.0,71.0,106.0,64.0
70,54,Jalen Hurts,QB,PHI,75.87803,5.0,8,52.0,77.0,9.0,67.0,72.0,69.0,96.0,75.0
71,85,Marvin Harrison Jr.,WR,ARI,67.78468,-4.0,7,76.0,94.0,96.0,66.0,,67.0,129.0,67.0
72,75,Jordyn Tyson,WR,NO,69.16332,-4.0,8,86.0,74.0,100.0,62.0,1.0,62.0,97.0,68.0
73,29,Dak Prescott,QB,DAL,79.581375,6.0,7,37.0,7.0,20.0,76.0,,72.0,43.0,79.0
74,64,Alec Pierce,WR,IND,80.24827,6.0,7,70.0,28.0,91.0,84.0,,80.0,40.0,80.0
75,123,Tony Pollard,RB,TEN,71.66334,-4.0,7,104.0,213.0,98.0,79.0,,70.0,134.0,71.0
76,118,Quentin Johnston,WR,LAC,72.232574,-4.0,7,114.0,138.0,128.0,87.0,,100.0,100.0,72.0
77,78,Justin Herbert,QB,LAC,81.86889,4.0,7,47.0,125.0,22.0,78.0,,77.0,122.0,81.0
78,82,DK Metcalf,WR,PIT,74.51318,-5.0,7,74.0,58.0,95.0,83.0,,76.0,120.0,73.0
79,45,Trevor Lawrence,QB,JAX,84.66112,5.0,7,40.0,40.0,18.0,77.0,,86.0,101.0,84.0
80,111,Chuba Hubbard,RB,CAR,75.83498,-6.0,8,115.0,131.0,110.0,92.0,35.0,79.0,189.0,74.0
81,108,Rhamondre Stevenson,RB,NE,76.096794,-5.0,7,112.0,161.0,94.0,72.0,,81.0,63.0,76.0
82,80,Makai Lemon,WR,PHI,87.631256,5.0,8,89.0,69.0,111.0,74.0,55.0,78.0,44.0,87.0
83,88,Jaylen Warren,RB,PIT,77.27309,-6.0,8,111.0,82.0,102.0,75.0,59.0,74.0,145.0,77.0
84,84,Tucker Kraft,TE,GB,77.81305,-6.0,8,119.0,45.0,133.0,81.0,57.0,73.0,31.0,78.0
85,27,Matthew Stafford,QB,LAR,89.28544,3.0,8,21.0,1.0,16.0,94.0,62.0,89.0,8.0,88.0
86,83,Courtland Sutton,WR,DEN,82.64644,-4.0,7,68.0,78.0,84.0,85.0,,95.0,84.0,82.0
87,81,Kyle Pitts Sr.,TE,ATL,90.59919,3.0,8,92.0,44.0,106.0,113.0,30.0,88.0,65.0,90.0
88,73,Sam LaPorta,TE,DET,92.168236,4.0,8,88.0,41.0,102.0,97.0,34.0,85.0,11.0,92.0
89,127,Michael Wilson,WR,ARI,83.44536,-6.0,8,118.0,186.0,131.0,86.0,77.0,91.0,163.0,83.0
90,49,Patrick Mahomes,QB,KC,92.904976,3.0,8,44.0,48.0,21.0,93.0,67.0,83.0,71.0,93.0
91,112,Chris Godwin Jr.,WR,TB,84.75472,-6.0,8,126.0,101.0,134.0,80.0,75.0,97.0,135.0,85.0
92,122,RJ Harvey,RB,DEN,85.7094,-6.0,8,131.0,192.0,124.0,71.0,51.0,87.0,138.0,86.0
93,33,Brock Purdy,QB,SF,97.319725,4.0,8,30.0,5.0,15.0,95.0,44.0,90.0,56.0,97.0
94,92,Michael Pittman Jr.,WR,PIT,95.827034,1.0,7,84.0,75.0,92.0,108.0,,101.0,124.0,95.0
95,113,Rico Dowdle,RB,PIT,89.77936,-6.0,7,107.0,126.0,108.0,90.0,,102.0,141.0,89.0
96,94,Harold Fannin Jr.,TE,CLE,100.50972,4.0,8,100.0,90.0,105.0,88.0,31.0,82.0,175.0,100.0
97,97,Jayden Reed,WR,GB,91.83599,-6.0,7,117.0,82.0,130.0,82.0,,84.0,69.0,91.0
98,71,Jaxson Dart,QB,NYG,101.924355,4.0,8,43.0,99.0,13.0,89.0,65.0,92.0,104.0,102.0
99,98,Blake Corum,RB,LAR,103.51473,4.0,7,142.0,31.0,140.0,102.0,,105.0,55.0,103.0
100,104,Kenneth Gainwell,RB,TB,94.831085,-6.0,8,134.0,61.0,125.0,99.0,35.0,110.0,146.0,94.0
101,46,Jared Goff,QB,DET,103.96193,3.0,7,46.0,29.0,28.0,96.0,,94.0,47.0,104.0
102,126,Josh Downs,WR,IND,96.28961,-6.0,7,116.0,169.0,129.0,118.0,,93.0,66.0,96.0
103,58,George Kittle,TE,SF,104.70962,2.0,8,51.0,11.0,74.0,122.0,44.0,103.0,39.0,105.0
104,109,Kyle Monangai,RB,CHI,98.72771,-6.0,7,125.0,53.0,121.0,112.0,,104.0,131.0,98.0
105,124,Jordan Addison,WR,MIN,99.434135,-6.0,7,113.0,165.0,127.0,91.0,,98.0,115.0,99.0
106,102,Jakobi Meyers,WR,JAX,110.25765,4.0,7,98.0,85.0,112.0,98.0,,96.0,109.0,110.0
107,121,Jonathon Brooks,RB,CAR,100.73937,-6.0,8,152.0,92.0,145.0,100.0,1.0,112.0,220.0,101.0
108,106,J.K. Dobbins,RB,DEN,107.22795,-1.0,7,123.0,50.0,115.0,103.0,,116.0,132.0,107.0
109,77,Jordan Love,QB,GB,112.05816,3.0,7,62.0,46.0,37.0,106.0,,106.0,127.0,112.0
110,107,Bo Nix,QB,DEN,112.71186,4.0,7,72.0,141.0,19.0,104.0,,108.0,226.0,114.0
111,95,Dalton Kincaid,TE,BUF,114.0796,4.0,7,129.0,32.0,141.0,114.0,,109.0,14.0,115.0
112,114,Ricky Pearsall,WR,SF,105.52827,-6.0,7,110.0,95.0,132.0,116.0,,118.0,91.0,106.0
113,89,Matthew Golden,WR,GB,115.127846,3.0,7,87.0,70.0,101.0,110.0,,126.0,50.0,116.0
114,117,Wan'Dale Robinson,WR,TEN,107.77624,-6.0,7,101.0,118.0,119.0,101.0,,114.0,128.0,108.0
115,120,Xavier Worthy,WR,KC,108.70066,-6.0,8,99.0,170.0,114.0,109.0,82.0,107.0,62.0,109.0
116,96,Tyler Shough,QB,NO,117.05557,1.0,8,66.0,154.0,36.0,107.0,1.0,129.0,197.0,117.0
117,155,Kyler Murray,QB,MIN,111.21937,-6.0,7,120.0,262.0,46.0,105.0,,99.0,312.0,111.0
118,91,Travis Kelce,TE,KC,117.87747,0.0,7,108.0,49.0,118.0,115.0,,111.0,33.0,118.0
119,129,Rachaad White,RB,WAS,112.261826,-6.0,8,135.0,172.0,117.0,124.0,66.0,124.0,98.0,113.0
120,103,Romeo Doubs,WR,NE,120.33274,0.0,7,105.0,80.0,120.0,111.0,,117.0,51.0,120.0
121,116,Baker Mayfield,QB,TB,121.25637,0.0,8,60.0,209.0,33.0,117.0,74.0,115.0,180.0,121.0
122,115,Khalil Shakir,WR,BUF,123.202995,1.0,7,106.0,117.0,122.0,139.0,,119.0,22.0,123.0
123,119,Aaron Jones Sr.,RB,MIN,118.91166,-4.0,7,109.0,113.0,99.0,125.0,,113.0,117.0,119.0
124,100,Dallas Goedert,TE,PHI,124.29001,1.0,7,102.0,81.0,113.0,123.0,,120.0,24.0,125.0
125,143,Isaiah Likely,TE,NYG,121.927,-3.0,7,133.0,175.0,138.0,146.0,,139.0,89.0,122.0
126,145,Jacory Croskey-Merritt,RB,WAS,123.20752,-2.0,7,150.0,180.0,143.0,127.0,,125.0,113.0,124.0
127,131,KC Concepcion,WR,CLE,126.31265,-1.0,7,124.0,71.0,137.0,129.0,,121.0,235.0,126.0
128,72,Stefon Diggs,WR,FA,135.50346,6.0,5,,10.0,,133.0,1.0,141.0,,134.0
129,86,Sam Darnold,QB,SEA,136.52756,6.0,7,69.0,39.0,44.0,120.0,,142.0,179.0,135.0
130,132,Jake Ferguson,TE,DAL,128.31482,-2.0,7,121.0,182.0,126.0,121.0,,122.0,37.0,128.0
131,144,Jalen Coker,WR,CAR,127.30572,-4.0,7,140.0,137.0,144.0,131.0,,133.0,196.0,127.0
132,130,C.J. Stroud,QB,HOU,139.80164,6.0,7,81.0,148.0,48.0,141.0,,128.0,286.0,138.0
133,134,Jordan Mason,RB,MIN,128.77296,-4.0,7,162.0,79.0,159.0,126.0,,127.0,158.0,129.0
134,135,Malik Willis,QB,MIA,129.5932,-4.0,7,96.0,171.0,49.0,119.0,,147.0,320.0,130.0
135,90,Chig Okonkwo,TE,WAS,141.31041,6.0,5,,56.0,,166.0,1.0,130.0,,141.0
136,152,Jayden Higgins,WR,HOU,131.11716,-5.0,7,143.0,152.0,151.0,132.0,,144.0,192.0,131.0
137,128,Daniel Jones,QB,IND,142.91232,5.0,7,95.0,151.0,27.0,143.0,,148.0,252.0,142.0
138,137,Mark Andrews,TE,BAL,131.46922,-6.0,7,122.0,221.0,123.0,137.0,,123.0,13.0,132.0
139,194,Tyrone Tracy Jr.,RB,NYG,132.67773,-6.0,7,204.0,215.0,204.0,130.0,,152.0,194.0,133.0
140,138,,,,,,2,,,167.0,,,,81.0,
141,165,Chris Rodriguez Jr.,RB,JAX,137.69737,-5.0,8,234.0,105.0,215.0,128.0,68.0,131.0,216.0,136.0
142,105,Zach Charbonnet,RB,SEA,146.52473,5.0,7,67.0,76.0,88.0,156.0,,167.0,67.0,147.0
143,186,Cam Ward,QB,TEN,138.20811,-6.0,5,,293.0,,142.0,73.0,150.0,,137.0
144,142,Jalen McMillan,WR,TB,140.11093,-5.0,8,148.0,133.0,157.0,148.0,81.0,160.0,149.0,139.0
145,125,Brenton Strange,TE,JAX,148.20294,3.0,7,147.0,33.0,148.0,162.0,,135.0,112.0,148.0
146,178,Keaton Mitchell,RB,LAC,140.6757,-6.0,8,236.0,178.0,234.0,135.0,1.0,164.0,202.0,140.0
147,141,Juwan Johnson,TE,NO,151.35892,4.0,7,137.0,130.0,147.0,163.0,,138.0,103.0,151.0
148,146,Oronde Gadsden II,TE,LAC,143.48074,-5.0,7,159.0,140.0,169.0,136.0,,136.0,111.0,143.0
149,140,Travis Hunter,WR,JAX,155.26448,5.0,8,166.0,120.0,177.0,134.0,41.0,140.0,156.0,154.0
150,161,Isiah Pacheco,RB,DET,144.28029,-6.0,8,160.0,230.0,158.0,149.0,53.0,192.0,75.0,144.0
151,154,Rashid Shaheed,WR,SEA,145.22134,-6.0,7,146.0,177.0,149.0,144.0,,149.0,110.0,145.0
152,182,Woody Marks,RB,HOU,145.4185,-6.0,7,164.0,232.0,160.0,145.0,,134.0,227.0,146.0
153,133,Hunter Henry,TE,NE,155.4986,2.0,7,132.0,116.0,142.0,165.0,,143.0,35.0,155.0
154,136,Kenyon Sadiq,TE,NYJ,159.22414,4.0,7,127.0,149.0,135.0,138.0,,137.0,102.0,158.0
155,193,Bryce Young,QB,CAR,149.31065,-6.0,7,128.0,334.0,52.0,147.0,,151.0,338.0,149.0
156,174,Omar Cooper Jr.,WR,NYJ,150.04398,-6.0,7,172.0,199.0,180.0,140.0,,132.0,183.0,150.0
157,157,,,,,,2,,,66.0,,,,311.0,
158,167,Jauan Jennings,WR,MIN,151.7482,-6.0,7,169.0,158.0,176.0,161.0,,145.0,152.0,152.0
159,179,Jalen Nailor,WR,LV,152.68083,-6.0,7,161.0,184.0,170.0,152.0,,215.0,176.0,153.0
160,158,Denzel Boston,WR,CLE,165.44034,4.0,7,153.0,95.0,154.0,155.0,,159.0,247.0,164.0
161,159,Aaron Rodgers,QB,PIT,163.24841,1.0,8,93.0,235.0,68.0,172.0,83.0,166.0,282.0,162.0
162,171,Tyjae Spears,RB,TEN,157.59288,-6.0,7,149.0,205.0,139.0,164.0,,158.0,171.0,156.0
163,190,Tyler Allgeier,RB,ARI,157.8836,-6.0,7,194.0,183.0,197.0,150.0,,155.0,225.0,157.0
164,153,Ryan Flournoy,WR,DAL,166.42342,1.0,7,182.0,59.0,192.0,160.0,,191.0,125.0,165.0
165,162,Tre Tucker,WR,LV,159.7671,-6.0,7,145.0,168.0,153.0,151.0,,154.0,161.0,159.0
166,216,Malik Washington,WR,MIA,161.16527,-6.0,7,179.0,231.0,185.0,180.0,,194.0,248.0,160.0
167,160,T.J. Hockenson,TE,MIN,163.00934,-6.0,7,136.0,201.0,136.0,168.0,,146.0,92.0,161.0
168,151,Dalton Schultz,TE,HOU,171.18283,3.0,7,151.0,107.0,156.0,167.0,,153.0,169.0,171.0
169,217,Alvin Kamara,RB,NO,164.28871,-6.0,7,170.0,283.0,164.0,179.0,,227.0,173.0,163.0
170,170,Antonio Williams,WR,WAS,166.6295,-4.0,7,165.0,145.0,175.0,203.0,,168.0,114.0,166.0
171,139,Deebo Samuel Sr.,WR,FA,176.30827,5.0,4,,98.0,,159.0,,162.0,,176.0
172,184,Jacoby Brissett,QB,ARI,167.76947,-5.0,5,,256.0,80.0,183.0,,190.0,,167.0
173,267,Jonah Coleman,RB,DEN,167.99606,-5.0,7,280.0,229.0,301.0,193.0,,178.0,285.0,168.0
174,199,Fernando Mendoza,QB,LV,168.871,-5.0,7,139.0,296.0,90.0,153.0,,157.0,350.0,169.0
175,204,Isaac TeSlaa,WR,DET,169.77013,-5.0,7,201.0,202.0,211.0,170.0,,231.0,121.0,170.0
176,176,Greg Dulcich,TE,MIA,174.76662,-3.0,7,163.0,136.0,173.0,197.0,,170.0,212.0,173.0
177,177,Gunnar Helm,TE,TEN,181.2797,3.0,7,157.0,198.0,162.0,182.0,,165.0,140.0,180.0
178,235,Dylan Sampson,RB,CLE,171.68782,-6.0,7,199.0,284.0,199.0,157.0,,161.0,275.0,172.0
179,147,AJ Barner,TE,SEA,185.2544,5.0,7,167.0,87.0,173.0,169.0,,163.0,105.0,184.0
180,198,Brian Robinson Jr.,RB,ATL,174.80045,-6.0,7,190.0,216.0,191.0,158.0,,174.0,185.0,174.0
181,191,Tank Bigsby,RB,PHI,175.23831,-6.0,7,245.0,67.0,237.0,177.0,,214.0,177.0,175.0
182,148,Tyreek Hill,WR,FA,188.17003,5.0,5,,102.0,,205.0,61.0,225.0,,187.0
183,195,Tre' Harris,WR,LAC,176.87885,-6.0,7,187.0,193.0,195.0,181.0,,175.0,170.0,177.0
184,196,Adonai Mitchell,WR,NYJ,177.06758,-6.0,7,158.0,227.0,171.0,209.0,,187.0,165.0,178.0
185,211,Geno Smith,QB,NYJ,180.22816,-6.0,7,130.0,352.0,57.0,154.0,,185.0,339.0,179.0
186,183,Tank Dell,WR,HOU,187.8816,0.0,7,174.0,160.0,181.0,176.0,,173.0,222.0,186.0
187,201,De'Zhaun Stribling,WR,SF,182.39212,-6.0,7,217.0,162.0,229.0,173.0,,156.0,208.0,181.0
188,271,Sean Tucker,RB,TB,183.82782,-6.0,7,287.0,212.0,313.0,187.0,,193.0,301.0,182.0
189,213,Jerry Jeudy,WR,CLE,185.01556,-6.0,7,141.0,299.0,150.0,175.0,,176.0,240.0,183.0
190,169,Calvin Ridley,WR,TEN,191.25188,-1.0,7,138.0,189.0,146.0,174.0,,171.0,150.0,189.0
191,189,Cade Otton,TE,TB,187.53273,-6.0,7,173.0,200.0,179.0,196.0,,169.0,151.0,185.0
192,166,Germie Bernard,WR,PIT,192.57628,-1.0,7,155.0,122.0,161.0,186.0,,172.0,172.0,191.0
193,175,Brandon Aiyuk,WR,SF,194.60298,0.0,3,,163.0,,171.0,,,,193.0
194,207,Zachariah Branch,WR,ATL,188.76833,-6.0,8,235.0,173.0,251.0,199.0,35.0,180.0,255.0,188.0
195,150,Pat Freiermuth,TE,PIT,198.64694,3.0,7,144.0,84.0,152.0,206.0,,179.0,130.0,198.0
196,237,Braelon Allen,RB,NYJ,191.31499,-6.0,7,197.0,247.0,194.0,220.0,,216.0,203.0,190.0
197,168,Cooper Kupp,WR,SEA,199.81197,2.0,7,175.0,91.0,186.0,204.0,,188.0,136.0,199.0
198,362,Nick Singleton,RB,TEN,194.02248,-6.0,2,,335.0,,,,,,192.0
199,180,Colby Parkinson,TE,LAR,202.43279,3.0,7,208.0,89.0,220.0,227.0,,184.0,79.0,202.0
200,233,Tua Tagovailoa,QB,ATL,194.61783,-6.0,7,196.0,190.0,166.0,238.0,,186.0,370.0,194.0
201,218,Dontayvion Wicks,WR,PHI,196.38947,-6.0,7,228.0,128.0,241.0,232.0,,189.0,200.0,195.0
202,255,Emmett Johnson,RB,KC,196.71956,-6.0,7,255.0,250.0,259.0,194.0,,217.0,209.0,196.0
203,223,David Njoku,TE,LAC,197.87935,-6.0,7,188.0,255.0,200.0,195.0,,224.0,133.0,197.0
204,164,Terrance Ferguson,TE,LAR,203.32515,-1.0,7,154.0,138.0,163.0,218.0,,195.0,30.0,203.0
205,200,Kayshon Boutte,WR,NE,208.44328,2.0,6,206.0,167.0,216.0,201.0,,,143.0,207.0
206,343,Kaytron Allen,RB,WAS,200.18297,-6.0,7,298.0,358.0,347.0,189.0,,218.0,322.0,200.0
207,244,Ray Davis,RB,BUF,200.24597,-6.0,6,277.0,157.0,292.0,190.0,,,199.0,201.0
208,205,Van Jefferson,WR,WAS,,,2,,,209.0,,,,162.0,
209,192,Justice Hill,RB,BAL,211.09242,2.0,6,178.0,218.0,172.0,211.0,,,72.0,211.0
210,227,Ted Hurst,WR,TB,205.53725,-6.0,7,213.0,188.0,224.0,215.0,,177.0,229.0,204.0
211,206,MarShawn Lloyd,RB,GB,206.63863,-6.0,8,230.0,194.0,219.0,191.0,84.0,228.0,154.0,205.0
212,247,Mike Washington Jr.,RB,LV,207.69667,-6.0,7,240.0,222.0,235.0,192.0,,238.0,245.0,206.0
213,212,Mike Gesicki,TE,CIN,214.56096,2.0,7,168.0,244.0,178.0,226.0,,196.0,118.0,215.0
214,241,Christian Kirk,WR,SF,208.70406,-6.0,7,212.0,278.0,221.0,185.0,,219.0,198.0,208.0
215,297,Kimani Vidal,RB,LAC,209.82414,-6.0,6,271.0,285.0,285.0,212.0,,,257.0,209.0
216,305,Jaydon Blue,RB,DAL,210.59685,-6.0,6,279.0,314.0,294.0,188.0,,,259.0,210.0
217,257,Eli Stowers,TE,PHI,212.27975,-5.0,7,265.0,207.0,284.0,225.0,,181.0,234.0,212.0
218,222,Chris Bell,WR,MIA,213.4368,-5.0,6,171.0,239.0,182.0,202.0,,,239.0,213.0
219,219,Keon Coleman,WR,BUF,214.30032,-5.0,7,229.0,233.0,244.0,198.0,76.0,,157.0,214.0
220,221,Darnell Mooney,WR,NYG,218.81413,0.0,7,180.0,224.0,189.0,217.0,,230.0,168.0,220.0
221,287,Malachi Fields,WR,NYG,214.6708,-5.0,6,268.0,245.0,287.0,213.0,,,293.0,216.0
222,214,Jordan James,RB,SF,222.12933,5.0,6,243.0,93.0,240.0,207.0,,,204.0,227.0
223,232,Deshaun Watson,QB,CLE,215.75221,-6.0,6,192.0,225.0,155.0,184.0,,,366.0,217.0
224,289,Shedeur Sanders,QB,CLE,217.63873,-6.0,4,,333.0,184.0,251.0,,,,218.0
225,253,George Holani,RB,SEA,217.776,-6.0,7,262.0,179.0,269.0,250.0,,183.0,236.0,219.0
226,185,Michael Penix Jr.,QB,ATL,222.30586,2.0,6,,185.0,168.0,239.0,68.0,197.0,,228.0
227,310,Emanuel Wilson,RB,SEA,219.04271,-6.0,7,304.0,241.0,335.0,178.0,,232.0,357.0,221.0
228,268,Troy Franklin,WR,DEN,219.17577,-6.0,7,241.0,263.0,252.0,221.0,,229.0,264.0,222.0
229,334,Demond Claiborne,RB,MIN,219.90318,-6.0,5,289.0,265.0,317.0,,,,297.0,223.0
230,228,Elijah Sarratt,WR,BAL,220.91122,-6.0,7,222.0,156.0,239.0,262.0,,210.0,144.0,224.0
231,320,Kirk Cousins,QB,LV,220.95107,-6.0,4,,332.0,257.0,240.0,,,,225.0
232,149,Kareem Hunt,RB,FA,223.16814,-2.0,2,,124.0,,,,,,230.0
233,229,Evan Engram,TE,DEN,221.58185,-7.0,7,176.0,252.0,183.0,258.0,,206.0,147.0,226.0
234,230,Tanner McKee,QB,PHI,224.37837,1.0,2,,203.0,,,,,,235.0
235,319,Nick Chubb,RB,FA,223.00002,-6.0,2,,287.0,,,,,,229.0
236,231,Pat Bryant,WR,DEN,224.12537,-3.0,7,203.0,197.0,212.0,230.0,,212.0,205.0,233.0
237,234,Tory Horton,WR,SEA,223.48407,-6.0,8,219.0,257.0,226.0,216.0,70.0,222.0,206.0,231.0
238,284,Kaelon Black,RB,SF,223.59723,-6.0,6,281.0,219.0,295.0,208.0,,,280.0,232.0
239,209,Tyquan Thornton,WR,KC,225.18268,-1.0,6,193.0,153.0,206.0,254.0,,,148.0,238.0
240,254,Jaylin Noel,WR,HOU,224.19057,-6.0,6,242.0,206.0,248.0,200.0,,,294.0,234.0
241,188,Samaje Perine,RB,CIN,225.22914,-2.0,6,183.0,119.0,188.0,247.0,,,155.0,239.0
242,317,Trevor Etienne,RB,CAR,224.80325,-6.0,5,278.0,242.0,298.0,,,,306.0,236.0
243,312,James Conner,RB,ARI,225.15446,-6.0,3,,323.0,,210.0,,,,237.0
244,239,Chris Brooks,RB,GB,226.81262,3.0,7,249.0,246.0,255.0,214.0,77.0,,193.0,247.0
245,187,Darnell Washington,TE,PIT,226.82176,3.0,7,202.0,53.0,210.0,245.0,,200.0,188.0,248.0
246,245,Chris Brazzell II,WR,CAR,225.71573,-6.0,7,214.0,220.0,232.0,229.0,,198.0,266.0,240.0
247,273,J.J. McCarthy,QB,MIN,225.81651,-6.0,5,,346.0,266.0,241.0,56.0,,,241.0
248,369,Roman Hemby,RB,LV,225.93332,-6.0,2,,326.0,,,,,,242.0
249,286,Austin Ekeler,RB,FA,226.01639,-6.0,2,,259.0,,,,,,243.0
250,296,Odell Beckham Jr.,WR,NYG,226.28445,-6.0,5,260.0,240.0,279.0,,,,287.0,244.0
251,328,Jerome Ford,RB,WAS,226.44263,-6.0,2,,291.0,,,,,,245.0
252,303,DeAndre Hopkins,WR,FA,226.74625,-6.0,2,,271.0,,,,,,246.0
253,197,Rashod Bateman,WR,BAL,227.23001,-1.0,5,156.0,282.0,165.0,,,,48.0,252.0
254,220,Hollywood Brown,WR,PHI,227.4871,3.0,3,,147.0,,259.0,,,,257.0
255,269,Jalen Tolbert,WR,MIA,226.90584,-6.0,6,220.0,281.0,222.0,228.0,,,283.0,249.0
256,378,Cyrus Allen,WR,KC,227.10925,-6.0,5,286.0,349.0,333.0,,,,303.0,250.0
257,338,Devin Singletary,RB,NYG,227.18604,-6.0,5,291.0,267.0,312.0,,,,309.0,251.0
258,256,,,,,,2,,,247.0,,,,213.0,
259,308,Mack Hollins,WR,NE,227.25612,-6.0,6,270.0,275.0,300.0,233.0,,,265.0,253.0
260,409,Joe Flacco,QB,CIN,227.30939,-6.0,3,,361.0,352.0,,,,,254.0
261,280,Isaiah Davis,RB,NYJ,227.37802,-6.0,5,267.0,208.0,277.0,,,,267.0,255.0
262,374,JuJu Smith-Schuster,WR,NYG,227.44734,-6.0,5,306.0,274.0,338.0,,,,377.0,256.0
263,208,Ty Johnson,RB,BUF,227.61319,0.0,6,205.0,158.0,203.0,256.0,,,93.0,263.0
264,412,Joe Mixon,RB,FA,227.52539,-6.0,2,,368.0,,,,,,258.0
265,341,Ollie Gordon II,RB,MIA,227.52815,-6.0,6,284.0,316.0,297.0,246.0,,,323.0,259.0
266,368,Will Shipley,RB,PHI,227.53659,-6.0,5,290.0,341.0,319.0,,,,277.0,260.0
267,259,Marlin Klein,TE,HOU,,,1,,,,,,236.0,,
268,370,Cedric Tillman,WR,CLE,227.5469,-7.0,5,283.0,328.0,315.0,,,,336.0,261.0
269,345,KeAndre Lambert-Smith,WR,LAC,227.60004,-7.0,5,275.0,301.0,307.0,,,,296.0,262.0
270,395,Anthony Richardson Sr.,QB,IND,227.69998,-6.0,2,,345.0,,,,,,264.0
271,329,Bryce Lance,WR,NO,227.70503,-6.0,5,251.0,329.0,270.0,,,,281.0,265.0
272,181,Audric Estime,RB,NO,227.8913,-4.0,2,,150.0,,,,,,268.0
273,344,John Metchie III,WR,CAR,227.7907,-7.0,2,,298.0,,,,,,266.0
274,304,Jake Tonges,TE,SF,227.84093,-7.0,7,266.0,280.0,293.0,244.0,,226.0,262.0,267.0
275,405,Malik Benson,WR,LV,227.94887,-6.0,2,,354.0,,,,,,269.0
276,251,Andrei Iosivas,WR,CIN,228.02167,-6.0,6,195.0,290.0,207.0,231.0,,,178.0,270.0
277,225,Keenan Allen,WR,FA,228.07916,-6.0,3,,181.0,,,,221.0,,271.0
278,300,Jaylen Wright,RB,MIA,228.13762,-6.0,6,269.0,251.0,274.0,235.0,,,299.0,272.0
279,265,Devaughn Vele,WR,NO,228.15921,-6.0,5,221.0,253.0,232.0,,,,243.0,273.0
280,173,Carson Beck,QB,ARI,228.16779,-6.0,6,75.0,236.0,47.0,242.0,,,260.0,274.0
281,390,J'Mari Taylor,RB,JAX,228.2037,-6.0,2,,336.0,,,,,,275.0
282,321,Matt Hibner,TE,BAL,228.26506,-6.0,1,,,,,,,,276.0
283,433,Brashard Smith,RB,KC,228.31035,-6.0,3,,364.0,388.0,,,,,277.0
284,270,Kyle Juszczyk,RB,SF,,,2,,,262.0,,,,216.0,
285,282,Xavier Legette,WR,CAR,228.35509,-7.0,5,210.0,319.0,213.0,,,,261.0,278.0
286,215,Darren Waller,TE,FA,228.35574,-7.0,2,,174.0,,,,,,279.0
287,156,Jarquez Hunter,RB,LAR,228.38232,-7.0,2,,114.0,,,,,,280.0
288,357,Luke McCaffrey,WR,WAS,228.42908,-7.0,4,,265.0,388.0,249.0,,,,281.0
289,386,Quinn Ewers,QB,MIA,228.47058,-7.0,2,,330.0,,,,,,282.0
290,393,Zach Ertz,TE,FA,228.4851,-7.0,2,,337.0,,,,,,283.0
291,381,Justin Fields,QB,KC,228.50427,-7.0,4,,355.0,348.0,243.0,,,,284.0
292,275,Malik Davis,RB,DAL,228.51318,-7.0,6,259.0,254.0,258.0,223.0,,,211.0,285.0
293,248,Michael Trigg,TE,DAL,228.5532,-7.0,2,,211.0,,,,,,286.0
294,274,,,,,,2,,,268.0,,,,210.0,
295,163,Jameis Winston,QB,NYG,228.57141,-8.0,2,,120.0,,,,,,287.0
296,316,Devontez Walker,WR,BAL,228.57278,-8.0,5,264.0,279.0,289.0,,,,238.0,288.0
297,342,Oscar Delp,TE,NO,228.58618,-8.0,3,,320.0,,,,233.0,,289.0
298,416,Demarcus Robinson,WR,SF,228.5882,-8.0,3,,,367.0,,,,344.0,290.0
299,349,Drew Allar,QB,PIT,228.61542,-8.0,2,,297.0,,,,,,291.0
300,373,Adam Randall,RB,BAL,228.6679,-8.0,5,292.0,340.0,316.0,,,,274.0,292.0
301,243,DeMario Douglas,WR,NE,228.70322,-8.0,6,227.0,176.0,242.0,252.0,,,195.0,293.0
302,277,Austin Hooper,TE,ATL,,,2,,,263.0,,,,221.0,
303,384,Calvin Austin III,WR,NYG,228.72134,-9.0,5,294.0,331.0,339.0,,,,323.0,294.0
304,387,Greg Dortch,WR,DET,228.7647,-9.0,5,299.0,325.0,350.0,,,,314.0,295.0
305,350,Davis Mills,QB,HOU,228.7778,-9.0,1,,,,,,,,296.0
306,224,Darius Slayton,WR,NYG,228.80002,-9.0,6,186.0,209.0,198.0,219.0,,,184.0,297.0
307,261,Cole Kmet,TE,CHI,228.80516,-9.0,5,231.0,238.0,246.0,,,,190.0,298.0
308,278,Jack Endries,TE,CIN,,,1,,249.0,,,,,,
309,372,Brenen Thompson,WR,LAC,228.83261,-10.0,5,272.0,360.0,304.0,,,,291.0,299.0
310,411,Zavion Thomas,WR,CHI,228.83585,-10.0,5,303.0,366.0,375.0,,,,355.0,300.0
311,252,Kendrick Bourne,WR,ARI,228.89276,-10.0,6,238.0,142.0,250.0,263.0,,,279.0,301.0
312,367,Trey Benson,RB,ARI,228.9389,-10.0,2,,308.0,,,,,,302.0
313,262,Kalif Raymond,WR,CHI,228.98073,-10.0,5,218.0,243.0,237.0,,,,232.0,303.0
314,363,Will Howard,QB,PIT,229.0303,-10.0,1,,,,,,,,304.0
315,249,Marvin Mims Jr.,WR,DEN,229.04002,-10.0,5,211.0,234.0,218.0,,,,219.0,305.0
316,299,DJ Giddens,RB,IND,229.0587,-10.0,6,276.0,248.0,287.0,234.0,,,241.0,306.0
317,311,Marcus Mariota,QB,WAS,229.09998,-10.0,2,,260.0,,,,,,307.0
318,400,Isaiah Bond,WR,CLE,229.183,-10.0,5,295.0,365.0,340.0,,,,346.0,308.0
319,406,CJ Daniels,WR,LAR,229.18965,-10.0,5,301.0,351.0,368.0,,,,340.0,309.0
320,203,KaVontae Turpin,WR,DAL,229.20547,-10.0,5,216.0,110.0,228.0,,,,181.0,310.0
321,258,Jahan Dotson,WR,ATL,229.26747,-10.0,5,189.0,313.0,201.0,,,,187.0,311.0
322,279,Olamide Zaccheaus,WR,ATL,229.32965,-10.0,6,224.0,270.0,227.0,266.0,,,250.0,312.0
323,250,Michael Mayer,TE,LV,229.37096,-10.0,6,198.0,288.0,205.0,,,203.0,182.0,313.0
324,336,Dont'e Thornton Jr.,WR,LV,229.4074,-10.0,6,254.0,363.0,271.0,237.0,,,295.0,314.0
325,242,Jack Bech,WR,LV,229.4314,-10.0,5,177.0,286.0,187.0,,,,191.0,315.0
326,361,Jahdae Walker,WR,CHI,229.4314,-10.0,5,288.0,276.0,336.0,,,,319.0,315.0
327,379,Sione Vaki,RB,DET,229.45,-10.0,1,,,,,,,,317.0
328,292,Elijah Higgins,TE,ARI,,,2,,,263.0,,,,251.0,
329,324,Tutu Atwell,WR,MIA,229.51202,-11.0,5,246.0,305.0,253.0,,,,305.0,318.0
330,294,LeQuint Allen Jr.,RB,JAX,229.51703,-11.0,6,252.0,268.0,260.0,,,237.0,249.0,319.0
331,353,Chimere Dike,WR,TEN,229.54637,-11.0,5,274.0,309.0,296.0,,,,307.0,320.0
332,352,Charlie Kolar,TE,LAC,229.61392,-11.0,6,285.0,312.0,331.0,,,182.0,334.0,321.0
333,172,Tyler Huntley,QB,BAL,229.6275,-11.0,2,,123.0,,,,,,322.0
334,313,Skyler Bell,WR,BUF,229.63998,-11.0,6,253.0,324.0,272.0,236.0,,,215.0,323.0
335,358,Deion Burks,WR,IND,229.6627,-11.0,2,,292.0,,,,,,324.0
336,260,Caleb Douglas,WR,MIA,229.69586,-11.0,6,184.0,302.0,193.0,222.0,,,253.0,325.0
337,264,Theo Johnson,TE,NYG,229.72519,-11.0,7,215.0,277.0,223.0,265.0,,213.0,174.0,326.0
338,295,Josh Oliver,TE,MIN,,,2,,,278.0,,,,228.0,
339,333,Najee Harris,RB,FA,229.7535,-12.0,2,,272.0,,,,,,327.0
340,266,Tyler Higbee,TE,LAR,229.77997,-12.0,7,261.0,196.0,282.0,261.0,,207.0,167.0,328.0
341,246,Dyami Brown,WR,WAS,229.80702,-12.0,5,185.0,300.0,196.0,,,,139.0,329.0
342,346,Devin Neal,RB,NO,229.92757,-12.0,3,,310.0,,,,239.0,,330.0
343,354,Eli Heidenreich,WR,PIT,229.96062,-12.0,2,,288.0,,,,,,331.0
344,413,Joe Milton III,QB,DAL,230.0,-12.0,3,,344.0,349.0,,,,,332.0
345,401,Tyler Conklin,TE,DET,230.03229,-12.0,1,,,,,,,,333.0
346,351,Tez Johnson,WR,TB,230.23622,-12.0,5,282.0,273.0,321.0,,,,310.0,334.0
347,276,Tommy Tremble,TE,CAR,230.32611,-12.0,5,225.0,264.0,231.0,,,,244.0,335.0
348,291,Roman Wilson,WR,PIT,230.33331,-12.0,2,,237.0,,,,,,336.0
349,298,Drew Sample,TE,CIN,,,2,,,280.0,,,,230.0,
350,281,Jordan Whittington,WR,LAR,230.3636,-13.0,5,256.0,214.0,275.0,,,,237.0,337.0
351,398,Elic Ayomanor,WR,TEN,230.40207,-13.0,5,296.0,356.0,344.0,,,,332.0,338.0
352,226,Ja'Kobi Lane,WR,BAL,230.47083,-13.0,7,191.0,195.0,202.0,260.0,,220.0,90.0,339.0
353,403,Kaleb Johnson,RB,PIT,230.50748,-13.0,6,305.0,359.0,383.0,255.0,,,375.0,340.0
354,382,Joshua Palmer,WR,BUF,230.51468,-13.0,2,,311.0,,,,,,341.0
355,285,Emari Demercado,RB,KC,230.5251,-13.0,5,233.0,315.0,225.0,,,,164.0,342.0
356,240,Ty Simpson,QB,LAR,230.58228,-13.0,2,,187.0,,,,,,343.0
357,436,Cade Klubnik,QB,NYJ,230.7286,-13.0,2,,370.0,,,,,,344.0
358,348,Ben Sinnott,TE,WAS,230.80522,-13.0,5,273.0,303.0,306.0,,,,271.0,345.0
359,366,Sam Roush,TE,CHI,230.8163,-13.0,2,,294.0,,,,,,346.0
360,290,Noah Gray,TE,KC,230.85716,-13.0,5,232.0,317.0,242.0,,,,153.0,347.0
361,283,Phil Mafah,RB,DAL,230.9259,-13.0,2,,227.0,,,,,,348.0
362,306,Damien Martinez,RB,GB,,,1,,269.0,,,,,,
363,404,Seth McGowan,RB,IND,231.038,-14.0,5,297.0,367.0,346.0,,,,313.0,349.0
364,414,Colbie Young,WR,CIN,231.05437,-14.0,5,300.0,369.0,368.0,,,,347.0,350.0
365,263,Ja'Tavion Sanders,TE,CAR,231.11588,-14.0,6,200.0,294.0,208.0,,,201.0,224.0,351.0
366,323,Eli Raridon,TE,NE,231.25778,-14.0,6,258.0,347.0,281.0,,,204.0,186.0,352.0
367,325,Luke Musgrave,TE,GB,231.2632,-14.0,6,263.0,304.0,289.0,,,240.0,233.0,353.0
368,335,Kevin Coleman Jr.,WR,MIA,231.29631,-14.0,5,239.0,338.0,249.0,,,,299.0,354.0
369,238,Dawson Knox,TE,BUF,231.3004,-14.0,7,207.0,217.0,214.0,264.0,,234.0,64.0,355.0
370,301,Mason Taylor,TE,NYJ,231.34187,-14.0,7,237.0,343.0,245.0,248.0,,199.0,223.0,356.0
371,293,Jaylin Lane,WR,WAS,231.4091,-14.0,5,223.0,318.0,229.0,,,,207.0,357.0
372,210,Savion Williams,WR,GB,231.41833,-14.0,5,209.0,135.0,216.0,,,,160.0,358.0
373,326,Jalen Royals,WR,KC,231.43546,-14.0,5,244.0,327.0,255.0,,,,242.0,359.0
374,375,Kyle Williams,WR,NE,231.4622,-14.0,3,,339.0,,257.0,,,,360.0
375,302,Noah Fant,TE,NO,231.53331,-14.0,6,248.0,306.0,265.0,,,208.0,214.0,361.0
376,314,Jackson Hawes,TE,BUF,,,3,,,309.0,,,223.0,256.0,
377,331,Erick All Jr.,TE,CIN,231.58904,-15.0,5,257.0,322.0,276.0,,,,218.0,362.0
378,434,Tyson Bagent,QB,CHI,231.6923,-15.0,1,,,,,,,,363.0
379,202,Mac Jones,QB,SF,231.75862,-15.0,2,,144.0,,,,,,364.0
380,332,Treylon Burks,WR,WAS,231.8372,-15.0,5,250.0,321.0,267.0,,,,254.0,365.0
381,288,Tanner Koziol,TE,JAX,231.96935,-15.0,2,,226.0,,,,,,366.0
382,417,Riley Leonard,QB,IND,232.0,-15.0,2,,342.0,,,,,,367.0
383,452,Isaac Guerendo,RB,SF,232.05882,-15.0,2,,,388.0,,,,,368.0
384,236,Nick Westbrook-Ikhine,WR,IND,232.1887,-15.0,5,181.0,258.0,190.0,,,,123.0,369.0
385,315,,,,,,4,,,327.0,224.0,,211.0,316.0,
386,272,Elijah Arroyo,TE,SEA,232.29065,-16.0,6,226.0,307.0,236.0,,,202.0,159.0,370.0
387,394,Max Klare,TE,LAR,232.3846,-16.0,6,302.0,353.0,362.0,,,205.0,372.0,371.0
388,365,Konata Mumpfield,WR,LAR,232.46666,-16.0,3,,,305.0,,,,263.0,372.0
389,385,Tahj Brooks,RB,CIN,232.67126,-16.0,6,293.0,362.0,337.0,253.0,,,317.0,373.0
390,318,Will Kacmarek,TE,MIA,,,2,,,273.0,,,,276.0,
391,425,Justin Joly,TE,DEN,232.89896,-17.0,2,,350.0,,,,,,374.0
392,322,Ashton Dulin,WR,IND,233.04256,-17.0,3,,,260.0,,,,246.0,375.0
393,307,Xavier Hutchinson,WR,HOU,233.23077,-17.0,5,247.0,261.0,254.0,,,,298.0,376.0
394,445,Trey Lance,QB,LAC,233.3636,-17.0,2,,371.0,,,,,,377.0
395,309,Jonnu Smith,TE,FA,234.25,-17.0,2,,,,,,209.0,,378.0
396,432,Gardner Minshew II,QB,ARI,234.5714,-17.0,2,,357.0,,,,,,379.0
397,327,John Bates,TE,WAS,,,2,,,291.0,,,,258.0,
398,330,Cade Stover,TE,HOU,,,2,,,282.0,,,,284.0,
399,337,Mitchell Evans,TE,CAR,,,2,,,286.0,,,,292.0,
400,339,Tanner Hudson,TE,CIN,,,2,,,299.0,,,,270.0,
401,340,Tyler Badie,RB,DEN,,,2,,,301.0,,,,268.0,
402,347,Mo Alie-Cox,TE,IND,,,2,,,307.0,,,,269.0,
403,355,Adam Trautman,TE,DEN,,,2,,,303.0,,,,287.0,
404,356,Luke Schoonmaker,TE,DAL,,,2,,,309.0,,,,278.0,
405,359,Durham Smythe,TE,BAL,,,2,,,314.0,,,,272.0,
406,360,Nate Boerkircher,TE,JAX,,,3,,,324.0,,,235.0,333.0,
407,364,Xavier Smith,WR,LAR,,,2,,,322.0,,,,273.0,
408,371,,,,,,2,,,319.0,,,,289.0,
409,376,Kyle Williams,WR,TEN,,,3,,339.0,,257.0,,,,360.0
410,377,Jeremy Ruckert,TE,NYJ,,,2,,,311.0,,,,318.0,
411,380,Davis Allen,TE,LAR,,,2,,,324.0,,,,304.0,
412,383,,,,,,2,,,324.0,,,,307.0,
413,388,Hunter Luepke,RB,DAL,,,2,,,330.0,,,,302.0,
414,389,Daniel Bellinger,TE,TEN,,,2,,,318.0,,,,328.0,
415,391,Foster Moreau,TE,HOU,,,2,,,322.0,,,,329.0,
416,392,Tyrell Shavers,WR,BUF,,,2,,,343.0,,,,290.0,
417,396,Brock Wright,TE,DET,,,2,,,328.0,,,,327.0,
418,397,Nate Adkins,TE,DEN,,,2,,,329.0,,,,326.0,
419,399,Anthony Gould,WR,IND,,,2,,,342.0,,,,315.0,
420,402,Alec Ingold,RB,LAC,,,2,,,341.0,,,,320.0,
421,407,Payne Durham,TE,TB,,,2,,,332.0,,,,349.0,
422,408,,,,,,2,,,353.0,,,,325.0,
423,410,Ben Sims,TE,MIA,,,2,,,334.0,,,,361.0,
424,415,Ben Skowronek,WR,PIT,,,2,,,351.0,,,,337.0,
425,418,Jaydn Ott,RB,KC,,,1,,348.0,,,,,,
426,419,Adam Prentice,RB,DEN,,,2,,,358.0,,,,331.0,
427,420,Max Bredeson,RB,MIN,,,2,,,356.0,,,,335.0,
428,421,Mason Tipton,WR,NO,,,2,,,354.0,,,,343.0,
429,422,Isaiah Williams,WR,NYJ,,,2,,,355.0,,,,342.0,
430,423,Connor Heyward,TE,LV,,,2,,,356.0,,,,345.0,
431,424,Blake Whiteheart,TE,CLE,,,2,,,345.0,,,,366.0,
432,426,Tai Felton,WR,MIN,,,2,,,364.0,,,,341.0,
433,427,Derius Davis,WR,LAC,,,2,,,361.0,,,,348.0,
434,428,Reggie Gilliam,RB,NE,,,2,,,372.0,,,,330.0,
435,429,David Moore,WR,CAR,,,2,,,362.0,,,,352.0,
436,430,Luke Farrell,TE,SF,,,2,,,360.0,,,,359.0,
437,431,Michael Burton,RB,CLE,,,2,,,359.0,,,,363.0,
438,435,Brevyn Spann-Ford,TE,DAL,,,2,,,364.0,,,,362.0,
439,437,Riley Nowakowski,TE,PIT,,,2,,,373.0,,,,351.0,
440,438,CJ Dippre,TE,NE,,,2,,,364.0,,,,368.0,
441,439,Jonathan Mingo,WR,DAL,,,2,,,371.0,,,,360.0,
442,440,Darius Cooper,WR,PHI,,,2,,,375.0,,,,353.0,
443,441,Andrew Beck,RB,NYJ,,,2,,,375.0,,,,354.0,
444,442,Reggie Virgil,WR,ARI,,,2,,,373.0,,,,358.0,
445,443,Justin Watson,WR,HOU,,,2,,,370.0,,,,364.0,
446,444,Patrick Ricard,RB,NYG,,,2,,,378.0,,,,356.0,
447,446,Kendre Miller,RB,NO,,,2,,,379.0,,,,365.0,
448,447,Kaden Wetjen,WR,PIT,,,2,,,381.0,,,,369.0,
449,448,Jawhar Jordan,RB,HOU,,,2,,,380.0,,,,371.0,
450,449,Malachi Corley,WR,CLE,,,2,,,382.0,,,,373.0,
451,450,Jimmy Horn Jr.,WR,CAR,,,2,,,384.0,,,,374.0,
452,451,Arian Smith,WR,NYJ,,,2,,,385.0,,,,376.0,
453,453,British Brooks,RB,HOU,,,2,,,386.0,,,,378.0,
454,454,Kameron Johnson,WR,TB,,,2,,,387.0,,,,379.0,
455,455,,,,,,1,,,388.0,,,,,
456,456,Barion Brown,WR,NO,,,1,,,388.0,,,,,
457,457,Braxton Berrios,WR,NYG,,,1,,,388.0,,,,,
458,458,Britain Covey,WR,PHI,,,1,,,388.0,,,,,
459,459,Brycen Tremayne,WR,CAR,,,1,,,388.0,,,,,
460,460,Charlie Jones,WR,CIN,,,1,,,388.0,,,,,
461,461,Dareke Young,WR,LV,,,1,,,388.0,,,,,
462,462,DeeJay Dallas,RB,JAX,,,1,,,388.0,,,,,
463,463,Devin Duvernay,WR,ARI,,,1,,,388.0,,,,,
464,464,Dylan Laube,RB,LV,,,1,,,388.0,,,,,
465,465,Efton Chism III,WR,NE,,,1,,,388.0,,,,,
466,466,Gage Larvadain,WR,CLE,,,1,,,388.0,,,,,
467,467,Jacob Cowing,WR,SF,,,1,,,388.0,,,,,
468,468,Jacob Saylors,RB,DET,,,1,,,388.0,,,,,
469,469,Jalen Brooks,WR,ARI,,,1,,,388.0,,,,,
470,470,Jeshaun Jones,WR,MIN,,,1,,,388.0,,,,,
471,471,Josh Cameron,WR,JAX,,,1,,,388.0,,,,,
472,472,Josh Williams,RB,TB,,,1,,,388.0,,,,,
473,473,Kene Nwangwu,RB,NYJ,,,1,,,388.0,,,,,
474,474,Ke'Shawn Williams,WR,CIN,,,1,,,388.0,,,,,
475,475,LaJohntay Wester,WR,BAL,,,1,,,388.0,,,,,
476,476,Mason Kinsey,WR,TEN,,,1,,,388.0,,,,,
477,477,Michael Bandy,WR,DEN,,,1,,,388.0,,,,,
478,478,Myles Price,WR,MIN,,,1,,,388.0,,,,,
479,479,Nikko Remigio,WR,KC,,,1,,,388.0,,,,,
480,480,Rasheen Ali,RB,BAL,,,1,,,388.0,,,,,
481,481,Skyy Moore,WR,GB,,,1,,,388.0,,,,,
