Year,Pos,Player,ADP,FP/G,PAR/G,Pos Rk,ADP Delta,Total PAR,Net PAR/G,Verdict
2020,TE,Travis Kelce,21,20.9,+12.5,1,0,187.5,+7.6,BIG HIT
2022,TE,Travis Kelce,16,18.6,+10.6,1,0,180.2,+4.7,BIG HIT
2018,TE,Travis Kelce,28,18.4,+10.1,1,+1,161.6,+6,BIG HIT
2018,TE,Zach Ertz,39,17.5,+9.2,2,+1,147.2,+7.1,BIG HIT
2022,QB,Patrick Mahomes II,30,25.3,+8.4,2,0,142.8,+4.8,BIG HIT
2024,QB,Lamar Jackson,38,25.6,+8,1,+3,136.0,+5.1,BIG HIT
2021,TE,Travis Kelce,12,16.4,+7.9,2,-1,126.4,+2.1,MARGINAL HIT
2022,QB,Josh Allen,21,24.3,+7.4,3,-2,125.8,+1.5,MARGINAL HIT
2019,TE,Travis Kelce,20,15.9,+7.7,1,0,123.2,+2.7,MARGINAL HIT
2017,TE,Rob Gronkowski,20,16.2,+8.6,1,0,120.4,+4.9,BIG HIT
2017,TE,Travis Kelce,36,15.6,+8,2,0,120.0,+5.6,BIG HIT
2023,QB,Josh Allen,20,24.2,+6.8,1,+2,115.6,+3.6,BIG HIT
2024,TE,Trey McBride,48,15.6,+7.2,2,+2,115.2,+4.8,BIG HIT
2021,QB,Josh Allen,26,24.6,+6.7,1,+1,113.9,+3.3,BIG HIT
2019,TE,George Kittle,31,15.9,+7.7,2,+1,107.8,+3.6,BIG HIT
2020,QB,Patrick Mahomes II,14,25.4,+7,2,-1,105.0,-0.5,MARGINAL MISS
2019,TE,Zach Ertz,29,14.4,+6.2,4,-2,93.0,+2,MARGINAL HIT
2023,TE,Travis Kelce,5,14.6,+6,1,0,90.0,+0.3,MARGINAL HIT
2023,TE,T.J. Hockenson,46,14.6,+6,2,+1,90.0,+4.5,BIG HIT
2024,QB,Josh Allen,23,22.7,+5.1,2,-1,86.7,+0.8,MARGINAL HIT
2016,TE,Greg Olsen,42,13.0,+5.1,5,-2,81.6,+1.8,MARGINAL HIT
2022,TE,George Kittle,40,13.4,+5.4,2,+2,81.0,+3,BIG HIT
2021,TE,George Kittle,30,14.1,+5.6,4,-1,78.4,+2.1,MARGINAL HIT
2023,QB,Jalen Hurts,22,21.9,+4.5,2,0,76.5,+1.2,MARGINAL HIT
2016,TE,Jordan Reed,37,14.1,+6.2,1,+1,74.4,+3,MARGINAL HIT
2022,TE,Mark Andrews,25,12.7,+4.7,4,-2,70.5,0,MARGINAL MISS
2021,QB,Patrick Mahomes II,13,22.0,+4.1,5,-4,69.7,-2.1,BUST
2019,QB,Deshaun Watson,37,22.2,+4.4,2,0,66.0,+0.5,MARGINAL HIT
2020,QB,Lamar Jackson,17,22.8,+4.4,8,-6,66.0,-2.2,BUST
2024,TE,Travis Kelce,28,12.2,+3.8,7,-6,60.8,-0.1,MARGINAL MISS
2021,QB,Kyler Murray,37,22.2,+4.3,4,-1,60.2,+1,MARGINAL HIT
2023,QB,Lamar Jackson,32,21.1,+3.7,3,+1,59.2,+0.9,MARGINAL HIT
2020,TE,George Kittle,24,15.6,+7.2,3,-1,57.6,+2.1,MARGINAL HIT
2024,QB,Jalen Hurts,29,21.3,+3.7,6,-3,55.5,-0.1,MARGINAL MISS
2020,TE,Mark Andrews,39,12.2,+3.8,4,-1,53.2,+0.2,MARGINAL HIT
2018,QB,Deshaun Watson,36,20.7,+3.2,4,-2,51.2,+0.5,MARGINAL HIT
2021,QB,Aaron Rodgers,46,21.1,+3.2,7,-2,51.2,-0.4,MARGINAL MISS
2023,TE,Mark Andrews,28,13.5,+4.9,5,-3,49.0,+2.2,MARGINAL HIT
2020,QB,Dak Prescott,47,27.9,+9.5,—,—,47.5,+7.1,BIG HIT
2019,QB,Patrick Mahomes II,12,20.9,+3.1,5,-4,43.4,-3.1,BUST
2022,QB,Lamar Jackson,41,20.3,+3.4,6,-2,40.8,+0.9,MARGINAL HIT
2024,TE,Sam LaPorta,30,10.9,+2.5,9,-7,40.0,-1.6,BUST
2021,TE,Darren Waller,24,12.1,+3.6,7,-5,39.6,-0.2,MARGINAL MISS
2021,QB,Lamar Jackson,40,21.1,+3.2,8,-4,38.4,-0.1,MARGINAL MISS
2016,TE,Rob Gronkowski,9,12.1,+4.2,8,-7,33.6,-2,BUST
2018,QB,Aaron Rodgers,24,19.5,+2,8,-7,32.0,-3.2,BUST
2017,QB,Tom Brady,21,18.5,+1.9,5,-3,30.4,-2.1,BUST
2018,TE,Rob Gronkowski,21,10.1,+1.8,9,-8,23.4,-4.6,BUST
2018,QB,Russell Wilson,48,18.7,+1.2,11,-7,19.2,+0.8,MARGINAL HIT
2023,QB,Patrick Mahomes II,12,18.4,+1,11,-10,16.0,-4.2,BUST
2023,QB,Justin Herbert,41,18.6,+1.2,10,-4,15.6,-1.4,BUST
2017,QB,Aaron Rodgers,16,18.5,+1.9,—,—,13.3,-2.1,BUST
2024,QB,Patrick Mahomes II,31,18.4,+0.8,11,-9,12.8,-3.1,BUST
2022,QB,Justin Herbert,34,17.1,+0.2,15,-12,3.4,-2.7,BUST
2018,QB,Tom Brady,44,17.6,+0.1,16,-13,1.6,-1.4,BUST
2016,QB,Cam Newton,17,17.0,-0.1,13,-12,-1.5,-6.1,BUST
2019,QB,Aaron Rodgers,47,17.6,-0.2,13,-10,-3.2,-3.4,BUST
2022,TE,Kyle Pitts Sr.,31,7.6,-0.4,21,-18,-4.0,-4.3,BUST
2017,TE,Greg Olsen,47,6.0,-1.6,—,—,-11.2,-4.5,BUST
2023,QB,Joe Burrow,34,15.3,-2.1,23,-18,-21.0,-5,BUST
