Name,Team,POS,playerStatsSnapsOffenseTotal,PlayActionLabel,PressuredLabel,BlitzedLabel,RoutesTotal,TargetsTotal,TargetsContestedLabel,TargetsCatchableLabel,TargetsCatchableTotal,TargetsCatchablePercentage,TargetsPerRoute,ReceptionsTotal,ReceptionsPercentage,YardsTotal,YardsAfterCatchTotal,YardsAfterContactTotal,YardsAirTotal,AlignmentInlineRoutesPercentage,AlignmentSlotRoutesPercentage,AverageDepthOfTarget,PasserRatingWhenTargeted,AveragesPerRouteYardsTotal,AveragesPerTargetYardsTotal,AveragesPerTargetYardsOverExpected,AveragesPerReceptionYardsTotal,AveragesPerReceptionYardsAfterCatch,AveragesPerReceptionYardsAfterContact,playerStatsXfpPprTotal,playerStatsXfpPprReceiving,playerStatsOffenseThreatsPercentage,playerStatsFantasyPointsNonPpr,playerStatsFantasyPointsPpr,playerStatsFantasyPointsHalfPpr,playerStatsFantasyPointsHalfPprRb,playerStatsFantasyPointsPprTe,playerStatsFantasyPointsDraftKings,playerStatsFantasyPointsFanDuel,playerStatsFantasyPointsCbs,playerStatsFantasyPointsNfl,playerStatsFantasyPointsEspn,playerStatsFantasyPointsYahoo,playerStatsFantasyPointsFfpc,playerStatsFantasyPointsNffc,playerStatsInside20ReceivingTargetsTotal,playerStatsGamesPlayed,AlignmentWideRoutesPercentage,TargetsContestedTotal,AlignmentBackfieldRoutesPercentage,playerStatsFirstDownsReceiving,MissedTacklesForcedTotal,MissedTacklesForcedPerReception,DropsTotal,AveragesPerTargetDropsTotal,TouchdownsTotal,ReceptionsContested,ReceptionsHero
Nick Vannett,TEN,TE,13,No,Yes,No,6,4,No,No,3,0.75,0.6667,3,0.75,12,15,7,-4,0.8333,0.1667,-1,37.5,2,3,-2.3608,4,5,2.3333,7.4059,7.4059,0.3077,1.2,4.2,2.7,4.2,5.7,4.2,2.7,4.2,4.2,4.2,2.7,5.7,4.2,1,17,,,,,,,,,,,
Brenden Bates,CLV,TE,4,No,No,Yes,4,1,No,No,,,0.25,,,,,,-2,0.75,,-2,39.6,,,-4.8511,,,,1.6098,1.6098,0.25,,,,,,,,,,,,,,,6,0.25,,,,,,,,,,
Rome Odunze,CHI,WR,32,No,No,No,32,1,No,Yes,1,1,0.0312,1,1,19,27,6,-8,,0.2188,-8,118.8,0.5938,19,16.4595,19,27,6,1.863,1.863,0.0312,0.9,1.9,1.4,1.9,1.9,1.9,0.4,0.9,0.9,0.9,0.4,1.9,0.9,,17,0.7812,,,,,,,,,,
Isaiah Davis,NYJ,RB,6,Yes,Yes,No,6,4,No,Yes,4,1,0.6667,3,0.75,22,19,7,12,,,3,87.5,3.6667,5.5,-1.0339,7.3333,6.3333,2.3333,5.6913,5.6913,0.6667,2.2,5.2,3.7,6.7,5.2,5.2,3.7,5.2,5.2,5.2,3.7,5.2,5.2,,13,,1,1,2,,,,,,,
Colby Parkinson,LA,TE,22,Yes,Yes,Yes,17,3,No,Yes,2,0.6667,0.1765,2,0.6667,17,11,1,11,0.8824,0.1176,3.6667,81.3,1,5.6667,-0.6207,8.5,5.5,0.5,4.1516,4.1516,0.1364,1.7,3.7,2.7,3.7,4.7,3.7,2.7,3.7,3.7,3.7,2.7,4.7,3.7,,17,,,,,,,,,,,
Tyjae Spears,TEN,RB,15,No,No,No,15,13,No,Yes,12,0.9231,0.8667,12,0.9231,101,113,60,-15,0.0667,,-1.1538,99,6.7333,7.7692,1.759,8.4167,9.4167,5,20.5432,20.5432,0.8667,10.1,22.1,16.1,28.1,22.1,25.1,19.1,22.1,22.1,22.1,16.1,22.1,22.1,,12,,,0.9333,4,6,0.5,,,,,
Laviska Shenault,LAC,WR,1,No,No,No,1,,No,Yes,,,,,,,,,,,,,,,,,,,,,,,,,,,,,,,,,,,,,12,1,,,,,,,,,,
Josh Oliver,MIN,TE,8,Yes,No,Yes,6,,No,Yes,,,,,,,,,,1,,,,,,,,,,,,,,,,,,,,,,,,,,,15,,,,,,,,,,,
Nick Chubb,CLV,RB,3,No,Yes,No,3,3,No,Yes,3,1,1,1,0.3333,-4,1,-1,2,,,0.6667,2.8,-1.3333,-1.3333,-7.8329,-4,1,-1,4.4368,4.4368,1,-0.4,0.6,0.1,1.1,0.6,0.6,0.1,0.6,0.6,0.6,0.1,0.6,0.6,,8,,,1,,,,1,0.3333,,,
Michael Carter,ARZ,RB,8,Yes,Yes,No,8,6,No,No,6,1,0.75,6,1,23,33,7,-10,,,-1.6667,82.6,2.875,3.8333,-1.9667,3.8333,5.5,1.1667,7.9859,7.9859,0.75,2.3,8.3,5.3,11.3,8.3,8.3,5.3,8.3,8.3,8.3,5.3,8.3,8.3,,3,,,1,1,,,,,,,
Bucky Irving,TB,RB,20,Yes,Yes,No,20,19,No,Yes,18,0.9474,0.95,17,0.8947,117,152,40,-39,,0.15,-2.0526,92.3,5.85,6.1579,0.4779,6.8824,8.9412,2.3529,28.3918,28.3918,0.95,11.7,28.7,20.2,37.2,28.7,31.7,23.2,28.7,28.7,28.7,20.2,28.7,28.7,3,17,0.05,,0.8,5,7,0.4118,1,0.0526,,,
D.J. Moore,CHI,WR,36,No,No,No,36,1,No,Yes,1,1,0.0278,1,1,5,5,,,,0.2222,,87.5,0.1389,5,-1.0386,5,5,,1.4339,1.4339,0.0278,0.5,1.5,1,1.5,1.5,1.5,1,1.5,1.5,1.5,1,1.5,1.5,,17,0.7778,,,,,,,,,,
Zamir White,LV,RB,5,No,No,No,5,5,No,Yes,5,1,1,3,0.6,4,18,9,-20,,,-4,64.6,0.8,0.8,-4.6291,1.3333,6,3,7.1482,7.1482,1,0.4,3.4,1.9,4.9,3.4,3.4,1.9,3.4,3.4,3.4,1.9,3.4,3.4,,8,,1,1,,1,0.3333,1,0.2,,,
Ameer Abdullah,LV,RB,21,No,Yes,No,20,17,No,Yes,15,0.8824,0.85,14,0.8235,62,83,43,-22,,0.05,-1.2941,101.5,3.1,3.6471,-2.3057,4.4286,5.9286,3.0714,26.165,26.165,0.8095,12.2,26.2,19.2,33.2,26.2,26.2,19.2,26.2,26.2,26.2,19.2,26.2,26.2,2,16,,,0.95,3,4,0.2857,,,1,,
Devin Singletary,NYG,RB,12,No,Yes,No,12,11,No,Yes,10,0.9091,0.9167,9,0.8182,38,50,24,-5,,,-0.4545,43.2,3.1667,3.4545,-2.6202,4.2222,5.5556,2.6667,17.4454,17.4454,0.9167,3.8,12.8,8.3,17.3,12.8,12.8,8.3,12.8,12.8,12.8,8.3,12.8,12.8,,15,,,1,1,2,0.2222,1,0.0909,,,
Isaiah Hodgins,NYG,WR,1,No,Yes,No,1,,No,Yes,,,,,,,,,,,,,,,,,,,,,,,,,,,,,,,,,,,,,3,1,,,,,,,,,,
Foster Moreau,NO,TE,37,Yes,Yes,No,29,4,No,Yes,4,1,0.1379,4,1,29,22,9,7,0.6552,0.2414,1.75,96.9,1,7.25,1.3747,7.25,5.5,2.25,7.5388,7.5388,0.1081,2.9,6.9,4.9,6.9,8.9,6.9,4.9,6.9,6.9,6.9,4.9,8.9,6.9,,17,0.1034,,,1,2,0.5,,,,,
Tyler Allgeier,ATL,RB,12,No,Yes,No,11,8,No,Yes,8,1,0.7273,8,1,54,55,20,-1,,,-0.125,94.8,4.9091,6.75,0.4399,6.75,6.875,2.5,11.8321,11.8321,0.6667,5.4,13.4,9.4,17.4,13.4,13.4,9.4,13.4,13.4,13.4,9.4,13.4,13.4,1,17,,,1,2,4,0.5,,,,,
Jermar Jefferson,DET,RB,1,No,No,No,1,1,No,No,1,1,1,1,1,10,10,3,,,,,108.3,10,10,4.1729,10,10,3,1.5297,1.5297,1,1,2,1.5,2.5,2,2,1.5,2,2,2,1.5,2,2,,2,,,1,1,,,,,,,
Devaughn Vele,DEN,WR,27,Yes,No,No,27,3,No,Yes,3,1,0.1111,3,1,25,21,4,4,,0.7407,1.3333,101.4,0.9259,8.3333,2.663,8.3333,7,1.3333,4.1372,4.1372,0.1111,2.5,5.5,4,5.5,5.5,5.5,4,5.5,5.5,5.5,4,5.5,5.5,,13,0.2593,,,2,,,,,,,
Khalil Herbert,CIN,RB,8,No,Yes,No,8,6,Yes,Yes,6,1,0.75,5,0.8333,8,18,6,-13,,,-2.1667,79.2,1,1.3333,-4.5229,1.6,3.6,1.2,9.7394,9.7394,0.75,0.8,5.8,3.3,8.3,5.8,5.8,3.3,5.8,5.8,5.8,3.3,5.8,5.8,1,13,,,1,,,,1,0.1667,,,
Trey Sermon,IND,RB,14,No,Yes,No,14,13,No,Yes,13,1,0.9286,11,0.8462,69,60,18,15,,,1.1538,88.8,4.9286,5.3077,-0.8161,6.2727,5.4545,1.6364,19.0725,19.0725,0.9286,6.9,17.9,12.4,23.4,17.9,17.9,12.4,17.9,17.9,17.9,12.4,17.9,17.9,2,17,,,1,2,2,0.1818,2,0.1538,,,
Josh Downs,IND,WR,20,No,Yes,No,20,1,No,Yes,1,1,0.05,,,,,,-1,,0.85,-1,39.6,,,-6.1699,,,,1.3292,1.3292,0.05,,,,,,,,,,,,,,,14,0.15,,,,,,1,1,,,
Hassan Haskins,LAC,RB,3,No,No,No,2,1,No,No,1,1,0.5,1,1,5,2,1,3,,,3,87.5,2.5,5,-1.5094,5,2,1,1.4234,1.4234,0.3333,0.5,1.5,1,2,1.5,1.5,1,1.5,1.5,1.5,1,1.5,1.5,,15,,,1,,,,,,,,
Andrew Ogletree,IND,TE,7,No,Yes,No,6,1,No,Yes,1,1,0.1667,1,1,5,1,1,4,0.6667,0.1667,4,87.5,0.8333,5,-1.0667,5,1,1,1.3129,1.3129,0.1429,0.5,1.5,1,1.5,2,1.5,1,1.5,1.5,1.5,1,2,1.5,,17,0.1667,,,,,,,,,,
Jaylen Warren,PIT,RB,28,No,Yes,No,27,22,Yes,Yes,21,0.9545,0.8148,20,0.9091,164,156,41,8,0.1111,,0.3636,97.7,6.0741,7.4545,1.477,8.2,7.8,2.05,33.8839,33.8839,0.7857,16.4,36.4,26.4,46.4,36.4,39.4,29.4,36.4,36.4,36.4,26.4,36.4,36.4,2,15,,1,0.8889,9,4,0.2,1,0.0455,,1,
Kendrick Bourne,NE,WR,25,No,No,No,23,,No,Yes,,,,,,,,,,,0.1739,,,,,,,,,,,,,,,,,,,,,,,,,,12,0.8261,,,,,,,,,,
Juwan Johnson,NO,TE,46,Yes,Yes,No,43,2,No,Yes,2,1,0.0465,1,0.5,5,6,,-1,0.3023,0.5581,-0.5,56.3,0.1163,2.5,-2.5952,5,6,,2.8314,2.8314,0.0435,0.5,1.5,1,1.5,2,1.5,1,1.5,1.5,1.5,1,2,1.5,,17,0.1395,,,,,,,,,,
David Montgomery,DET,RB,21,No,Yes,No,19,17,No,Yes,15,0.8824,0.8947,15,0.8824,144,125,62,25,,,1.4706,102,7.5789,8.4706,2.2531,9.6,8.3333,4.1333,24.5234,24.5234,0.8095,14.4,29.4,21.9,36.9,29.4,32.4,24.9,29.4,29.4,29.4,21.9,29.4,29.4,1,14,,,1,4,8,0.5333,,,,,
Mack Hollins,BUF,WR,29,No,No,No,26,,No,Yes,,,,,,,,,,,0.1538,,,,,,,,,,,,,,,,,,,,,,,,,,17,0.8462,,,,,,,,,,
Tyler Boyd,TEN,WR,31,No,No,No,31,,No,Yes,,,,,,,,,,,0.871,,,,,,,,,,,,,,,,,,,,,,,,,,16,0.129,,,,,,,,,,
Dareke Young,SEA,WR,1,Yes,Yes,Yes,1,,No,Yes,,,,,,,,,,,,,,,,,,,,,,,,,,,,,,,,,,,,,12,1,,,,,,,,,,
Ja'Tavion Sanders,CAR,TE,26,No,Yes,No,23,6,No,Yes,5,0.8333,0.2609,5,0.8333,63,60,36,4,0.4348,0.4783,0.6667,110.4,2.7391,10.5,4.8522,12.6,12,7.2,9.1068,9.1068,0.2308,6.3,11.3,8.8,11.3,13.8,11.3,8.8,11.3,11.3,11.3,8.8,13.8,11.3,1,16,0.087,,,1,3,0.6,,,,,
Tanner Conner,MIA,TE,3,No,Yes,No,3,1,No,Yes,1,1,0.3333,1,1,1,,,1,0.6667,,1,79.2,0.3333,1,-4.7754,1,,,1.8493,1.8493,0.3333,0.1,1.1,0.6,1.1,1.6,1.1,0.6,1.1,1.1,1.1,0.6,1.6,1.1,1,7,0.3333,,,,,,,,,,
Quintin Morris,BUF,TE,7,No,No,No,4,,No,Yes,,,,,,,,,,0.75,0.25,,,,,,,,,,,,,,,,,,,,,,,,,,16,,,,,,,,,,,
Teagan Quitoriano,HST,TE,5,No,No,No,2,,No,No,,,,,,,,,,1,,,,,,,,,,,,,,,,,,,,,,,,,,,7,,,,,,,,,,,
Ashton Dulin,IND,WR,4,No,Yes,No,4,,No,Yes,,,,,,,,,,,0.25,,,,,,,,,,,,,,,,,,,,,,,,,,15,0.75,,,,,,,,,,
Jauan Jennings,SF,WR,18,Yes,Yes,No,18,1,No,No,1,1,0.0556,,,,,,3,,0.3889,3,39.6,,,-5.4499,,,,1.3216,1.3216,0.0556,,,,,,,,,,,,,,,15,0.6111,,,,,,,,,,
Jamison Crowder,WAS,WR,4,No,No,No,4,,No,Yes,,,,,,,,,,,0.75,,,,,,,,,,,,,,,,,,,,,,,,,,6,0.25,,,,,,,,,,
KaVontae Turpin,DAL,WR,11,No,No,No,11,2,No,Yes,2,1,0.1818,2,1,11,17,3,-6,,1,-3,89.6,1,5.5,0.3353,5.5,8.5,1.5,3.6716,3.6716,0.1818,1.1,3.1,2.1,3.1,3.1,3.1,2.1,3.1,3.1,3.1,2.1,3.1,3.1,1,17,,,,,,,,,,,
Marquise Brown,KC,WR,3,No,Yes,No,3,,No,No,,,,,,,,,,,1,,,,,,,,,,,,,,,,,,,,,,,,,,2,,,,,,,,,,,
Jalen Nailor,MIN,WR,16,Yes,No,Yes,16,,No,Yes,,,,,,,,,,,0.4375,,,,,,,,,,,,,,,,,,,,,,,,,,17,0.5625,,,,,,,,,,
John Metchie,HST,WR,14,No,Yes,No,14,,No,No,,,,,,,,,,,0.5,,,,,,,,,,,,,,,,,,,,,,,,,,13,0.5,,,,,,,,,,
Kenneth Gainwell,PHI,RB,14,No,Yes,No,14,11,No,Yes,10,0.9091,0.7857,9,0.8182,55,65,36,-10,,0.0714,-0.9091,87.5,3.9286,5,-1.0184,6.1111,7.2222,4,15.6005,15.6005,0.7857,5.5,14.5,10,19,14.5,14.5,10,14.5,14.5,14.5,10,14.5,14.5,,17,,1,0.9286,3,4,0.4444,,,,,
Tyler Badie,DEN,RB,2,Yes,No,Yes,2,2,No,Yes,2,1,1,2,1,1,1,,,,,,79.2,0.5,0.5,-5.7963,0.5,0.5,,3.102,3.102,1,0.1,2.1,1.1,3.1,2.1,2.1,1.1,2.1,2.1,2.1,1.1,2.1,2.1,1,3,,,1,,,,,,,,
Jordan Mims,NO,RB,5,Yes,Yes,No,5,5,No,Yes,5,1,1,4,0.8,22,27,12,-3,,,-0.6,85,4.4,4.4,-1.51,5.5,6.75,3,8.8225,8.8225,1,2.2,6.2,4.2,8.2,6.2,6.2,4.2,6.2,6.2,6.2,4.2,6.2,6.2,1,9,,,1,2,1,0.25,,,,,
Jalen Brooks,DAL,WR,13,No,No,No,13,,No,Yes,,,,,,,,,,,,,,,,,,,,,,,,,,,,,,,,,,,,,14,1,,,,,,,,,,
Kevin Austin,NO,WR,11,Yes,Yes,No,11,,No,Yes,,,,,,,,,,,0.1818,,,,,,,,,,,,,,,,,,,,,,,,,,8,0.8182,,,,,,,,,,
J.K. Dobbins,LAC,RB,24,No,No,No,20,16,No,No,16,1,0.8,15,0.9375,60,71,14,-11,,0.05,-0.6875,82.3,3,3.75,-2.2472,4,4.7333,0.9333,26.8652,26.8652,0.6667,6,21,13.5,28.5,21,21,13.5,21,21,21,13.5,21,21,4,13,,1,0.95,2,1,0.0667,,,,,
Emari Demercado,ARZ,RB,15,No,No,No,14,11,No,Yes,10,0.9091,0.7857,10,0.9091,67,59,5,12,,,1.0909,92,4.7857,6.0909,-0.1478,6.7,5.9,0.5,16.8684,16.8684,0.7333,6.7,16.7,11.7,21.7,16.7,16.7,11.7,16.7,16.7,16.7,11.7,16.7,16.7,4,13,0.0714,,0.9286,3,1,0.1,,,,,
Equanimeous St. Brown,NO,WR,1,No,Yes,No,1,,No,Yes,,,,,,,,,,,,,,,,,,,,,,,,,,,,,,,,,,,,,2,1,,,,,,,,,,
Samaje Perine,KC,RB,15,Yes,No,No,15,12,No,Yes,12,1,0.8,12,1,79,90,29,-11,0.1333,0.0667,-0.9167,94.1,5.2667,6.5833,0.5845,6.5833,7.5,2.4167,18.3678,18.3678,0.8,7.9,19.9,13.9,25.9,19.9,19.9,13.9,19.9,19.9,19.9,13.9,19.9,19.9,,17,,,0.8,4,5,0.4167,,,,,
Myles Gaskin,MIN,RB,1,No,Yes,No,1,1,No,Yes,1,1,1,1,1,11,13,2,-2,,1,-2,112.5,11,11,4.802,11,13,2,1.7831,1.7831,1,1.1,2.1,1.6,2.6,2.1,2.1,1.6,2.1,2.1,2.1,1.6,2.1,2.1,,4,,,,,,,,,,,
Jordan Whittington,LA,WR,8,Yes,Yes,Yes,8,2,No,Yes,2,1,0.25,2,1,28,28,6,,,0.5,,118.8,3.5,14,7.9614,14,14,3,3.191,3.191,0.25,2.8,4.8,3.8,4.8,4.8,4.8,3.8,4.8,4.8,4.8,3.8,4.8,4.8,,15,0.5,,,2,,,,,,,
Josh Whyle,TEN,TE,17,No,Yes,No,12,4,No,No,4,1,0.3333,4,1,19,22,14,-3,0.6667,0.25,-0.75,86.5,1.5833,4.75,-0.8438,4.75,5.5,3.5,5.5418,5.5418,0.2353,1.9,5.9,3.9,5.9,7.9,5.9,3.9,5.9,5.9,5.9,3.9,7.9,5.9,,17,0.0833,,,1,1,0.25,,,,,
Travis Etienne,JAX,RB,28,No,Yes,No,26,24,No,Yes,20,0.8333,0.9231,19,0.7917,132,132,47,3,,,0.125,89.6,5.0769,5.5,-0.6161,6.9474,6.9474,2.4737,36.512,36.512,0.8571,13.2,32.2,22.7,41.7,32.2,35.2,25.7,32.2,32.2,32.2,22.7,32.2,32.2,3,15,,1,1,6,6,0.3158,,,,,
Ronnie Rivers,LA,RB,5,Yes,Yes,Yes,4,4,No,Yes,3,0.75,1,3,0.75,23,38,2,-19,,,-4.75,88.5,5.75,5.75,0.2831,7.6667,12.6667,0.6667,6.6081,6.6081,0.8,2.3,5.3,3.8,6.8,5.3,5.3,3.8,5.3,5.3,5.3,3.8,5.3,5.3,,6,,,1,1,1,0.3333,,,,,
Amari Cooper,BUF,WR,25,No,No,No,25,,No,No,,,,,,,,,,,,,,,,,,,,,,,,,,,,,,,,,,,,,14,1,,,,,,,,,,
Darius Slayton,NYG,WR,24,No,Yes,No,24,1,No,Yes,1,1,0.0417,,,,,,-2,,0.2917,-2,39.6,,,-5.4991,,,,1.6959,1.6959,0.0417,,,,,,,,,,,,,,,16,0.7083,,,,,,1,1,,,
Jake Ferguson,DAL,TE,15,No,No,No,15,2,No,Yes,2,1,0.1333,2,1,8,9,3,-1,0.4,0.6,-0.5,83.3,0.5333,4,-1.3133,4,4.5,1.5,2.7404,2.7404,0.1333,0.8,2.8,1.8,2.8,3.8,2.8,1.8,2.8,2.8,2.8,1.8,3.8,2.8,,14,,,,,,,,,,,
Davante Adams,NYJ,WR,45,Yes,Yes,No,45,,No,Yes,,,,,,,,,,,0.2889,,,,,,,,,,,,,,,,,,,,,,,,,,14,0.7111,,,,,,,,,,
Dare Ogunbowale,HST,RB,18,No,Yes,No,17,13,No,No,10,0.7692,0.7647,10,0.7692,110,83,21,31,,0.1176,2.3846,101.4,6.4706,8.4615,1.8959,11,8.3,2.1,18.6706,18.6706,0.7222,11,21,16,26,21,24,19,21,21,21,16,21,21,1,17,,,0.8824,4,2,0.2,,,,,
Nico Collins,HST,WR,27,No,Yes,No,26,,No,No,,,,,,,,,,,0.1538,,,,,,,,,,,,,,,,,,,,,,,,,,12,0.8462,,,,,,,,,,
Jerry Jeudy,CLV,WR,40,No,No,Yes,40,1,No,No,1,1,0.025,1,1,17,13,10,4,,0.3,4,118.8,0.425,17,10.9502,17,13,10,1.5506,1.5506,0.025,1.7,2.7,2.2,2.7,2.7,2.7,2.2,2.7,2.7,2.7,2.2,2.7,2.7,,17,0.7,,,1,1,1,,,,,
Marquez Valdes-Scantling,NO,WR,29,Yes,Yes,No,29,,No,Yes,,,,,,,,,,,0.2414,,,,,,,,,1.587,1.587,,,,,,,,,,,,,,,,14,0.7586,,,,,,,,,,
Jake Bobo,SEA,WR,12,Yes,Yes,Yes,11,,No,Yes,,,,,,,,,,,0.0909,,,,,,,,,,,,,,,,,,,,,,,,,,17,0.8182,,0.0909,,,,,,,,
Brevyn Spann-Ford,DAL,TE,9,No,No,No,8,2,No,Yes,1,0.5,0.25,1,0.5,7,9,1,-1,0.25,0.75,-0.5,58.3,0.875,3.5,-1.8133,7,9,1,2.8207,2.8207,0.2222,0.7,1.7,1.2,1.7,2.2,1.7,1.2,1.7,1.7,1.7,1.2,2.2,1.7,,17,,,,1,1,1,,,,,
Tyler Higbee,LA,TE,1,Yes,Yes,Yes,1,,No,Yes,,,,,,,,,,,,,,,,,,,,,,,,,,,,,,,,,,,,,3,1,,,,,,,,,,
Connor Heyward,PIT,TE,9,No,Yes,No,8,2,No,No,2,1,0.25,2,1,6,3,,3,0.375,,1.5,79.2,0.75,3,-3.0727,3,1.5,,2.6604,2.6604,0.2222,0.6,2.6,1.6,2.6,3.6,2.6,1.6,2.6,2.6,2.6,1.6,3.6,2.6,,16,,,0.625,,,,,,,,
Parris Campbell,PHI,WR,6,No,No,No,6,,No,Yes,,,,,,,,,,,0.8333,,,,,,,,,,,,,,,,,,,,,,,,,,5,0.1667,,,,,,,,,,
Adonai Mitchell,IND,WR,11,No,Yes,No,11,,No,Yes,,,,,,,,,,,0.2727,,,,,,,,,,,,,,,,,,,,,,,,,,17,0.7273,,,,,,,,,,
Nick Westbrook-Ikhine,TEN,WR,28,No,Yes,No,28,,No,No,,,,,,,,,,,0.0714,,,,,,,,,,,,,,,,,,,,,,,,,,17,0.9286,,,,,,,,,,
Jamari Thrash,CLV,WR,6,No,No,Yes,6,,No,No,,,,,,,,,,,0.8333,,,,,,,,,,,,,,,,,,,,,,,,,,9,0.1667,,,,,,,,,,
Saquon Barkley,PHI,RB,25,Yes,Yes,No,22,17,No,Yes,17,1,0.7727,16,0.9412,97,114,55,-13,,0.0455,-0.7647,90.4,4.4091,5.7059,-0.3484,6.0625,7.125,3.4375,26.8154,26.8154,0.68,9.7,25.7,17.7,33.7,25.7,25.7,17.7,25.7,25.7,25.7,17.7,25.7,25.7,4,16,,,0.9545,4,7,0.4375,1,0.0588,,,
Evan Engram,JAX,TE,11,Yes,No,No,10,3,No,Yes,3,1,0.3,3,1,19,23,6,-4,0.5,0.3,-1.3333,93.1,1.9,6.3333,1.1512,6.3333,7.6667,2,4.4146,4.4146,0.2727,1.9,4.9,3.4,4.9,6.4,4.9,3.4,4.9,4.9,4.9,3.4,6.4,4.9,,9,0.2,,,,,,,,,,
Miles Sanders,CAR,RB,13,No,Yes,No,11,7,No,Yes,6,0.8571,0.6364,6,0.8571,15,25,10,-11,,0.1818,-1.5714,79.2,1.3636,2.1429,-3.8527,2.5,4.1667,1.6667,10.4365,10.4365,0.5385,1.5,7.5,4.5,10.5,7.5,7.5,4.5,7.5,7.5,7.5,4.5,7.5,7.5,1,11,,,0.8182,,,,,,,,
Charlie Jones,CIN,WR,1,No,No,No,1,,No,Yes,,,,,,,,,,,1,,,,,,,,,,,,,,,,,,,,,,,,,,8,,,,,,,,,,,
Rasheen Ali,BLT,RB,1,No,No,Yes,1,1,No,No,1,1,1,,,,,,,,,,39.6,,,-5.8271,,,,1.5315,1.5315,1,,,,,,,,,,,,,,,5,,,1,,,,1,1,,,
Will Dissly,LAC,TE,20,No,No,No,19,8,No,No,7,0.875,0.4211,7,0.875,58,46,27,12,0.7368,0.1579,1.5,96.9,3.0526,7.25,1.3232,8.2857,6.5714,3.8571,11.1842,11.1842,0.4,5.8,12.8,9.3,12.8,16.3,12.8,9.3,12.8,12.8,12.8,9.3,16.3,12.8,,15,0.0526,,0.0526,2,2,0.2857,,,,,
KhaDarel Hodge,ATL,WR,5,No,Yes,No,4,,No,Yes,,,,,,,,,,,0.25,,,,,,,,,,,,,,,,,,,,,,,,,,16,0.75,,,,,,,,,,
Tommy Tremble,CAR,TE,24,No,Yes,No,21,2,No,Yes,1,0.5,0.0952,1,0.5,7,5,-1,2,0.5238,0.3333,1,58.3,0.3333,3.5,-2.3295,7,5,-1,2.5126,2.5126,0.0833,-0.3,0.7,0.2,0.7,1.2,0.7,-0.8,-0.3,-0.3,-0.3,-0.8,1.2,-0.3,,12,0.0952,,0.0476,,,,,,,,
Jonathan Mingo,DAL,WR,31,No,No,No,30,4,No,Yes,4,1,0.1333,4,1,15,21,9,-6,,0.4667,-1.5,82.3,0.5,3.75,-1.9658,3.75,5.25,2.25,6.265,6.265,0.129,1.5,5.5,3.5,5.5,5.5,5.5,3.5,5.5,5.5,5.5,3.5,5.5,5.5,,17,0.5333,,,,2,0.5,,,,,
Cooper Kupp,LA,WR,17,No,Yes,No,17,,No,Yes,,,,,,,,,,,0.5882,,,,,,,,,,,,,,,,,,,,,,,,,,12,0.4118,,,,,,,,,,
Adam Trautman,DEN,TE,31,Yes,No,No,16,1,No,Yes,1,1,0.0625,1,1,13,10,,3,0.75,0.125,3,118.8,0.8125,13,6.6782,13,10,,1.5384,1.5384,0.0323,1.3,2.3,1.8,2.3,2.8,2.3,1.8,2.3,2.3,2.3,1.8,2.8,2.3,,17,0.125,,,1,,,,,,,
D'Andre Swift,CHI,RB,20,No,No,No,19,14,No,Yes,13,0.9286,0.7368,13,0.9286,68,71,19,-3,,0.0526,-0.2143,86.9,3.5789,4.8571,-1.1156,5.2308,5.4615,1.4615,19.0748,19.0748,0.7,6.8,19.8,13.3,26.3,19.8,19.8,13.3,19.8,19.8,19.8,13.3,19.8,19.8,,17,0.0526,,0.8947,4,1,0.0769,,,,,
Robbie Chosen,MIA,WR,1,No,No,No,1,,No,Yes,,,,,,,,,,,,,,,,,,,,,,,,,,,,,,,,,,,,,2,1,,,,,,,,,,
Ja'Marr Chase,CIN,WR,54,No,Yes,No,54,2,Yes,Yes,2,1,0.037,2,1,3,6,2,-3,,0.2407,-1.5,79.2,0.0556,1.5,-3.247,1.5,3,1,2.8695,2.8695,0.037,0.3,2.3,1.3,2.3,2.3,2.3,1.3,2.3,2.3,2.3,1.3,2.3,2.3,,17,0.7407,,0.0185,1,,,,,,,
Ben Sims,GB,TE,9,No,No,No,7,,No,Yes,,,,,,,,,,1,,,,,,,,,,,,,,,,,,,,,,,,,,,16,,,,,,,,,,,
DeAndre Carter,CHI,WR,5,No,Yes,Yes,5,,No,Yes,,,,,,,,,,,0.8,,,,,,,,,,,,,,,,,,,,,,,,,,13,0.2,,,,,,,,,,
Hunter Long,LA,TE,5,Yes,Yes,Yes,3,,No,Yes,,,,,,,,,,1,,,,,,,,,,,,,,,,,,,,,,,,,,,17,,,,,,,,,,,
Kayshon Boutte,NE,WR,31,No,No,No,31,,No,Yes,,,,,,,,,,,0.0323,,,,,,,,,,,,,,,,,,,,,,,,,,15,0.9677,,,,,,,,,,
Blake Watson,DEN,RB,1,No,No,No,1,1,No,Yes,1,1,1,,,,,,2,,,2,39.6,,,-6.3947,,,,1.4082,1.4082,1,,,,,,,,,,,,,,,2,,1,1,,,,,,,,
Chris Brooks,GB,RB,9,No,No,No,7,5,No,Yes,4,0.8,0.7143,4,0.8,33,53,18,-22,,,-4.4,94.2,4.7143,6.6,1.2711,8.25,13.25,4.5,9.9457,9.9457,0.5556,3.3,7.3,5.3,9.3,7.3,7.3,5.3,7.3,7.3,7.3,5.3,7.3,7.3,,13,,,1,1,3,0.75,,,,,
Christian Watson,GB,WR,20,No,No,No,20,,No,Yes,,,,,,,,,,,0.25,,,,,,,,,,,,,,,,,,,,,,,,,,15,0.75,,,,,,,,,,
Dallin Holker,NO,TE,3,Yes,Yes,No,2,,No,Yes,,,,,,,,,,,0.5,,,,,,,,,,,,,,,,,,,,,,,,,,12,0.5,,,,,,,,,,
Tom Kennedy,DET,WR,1,No,No,No,1,,No,No,,,,,,,,,,,,,,,,,,,,,,,,,,,,,,,,,,,,,4,1,,,,,,,,,,
Sincere McCormick,LV,RB,1,No,No,No,1,1,No,Yes,1,1,1,1,1,2,,,2,,,2,79.2,2,2,-4.3947,2,,,1.256,1.256,1,0.2,1.2,0.7,1.7,1.2,1.2,0.7,1.2,1.2,1.2,0.7,1.2,1.2,,4,,,1,,,,,,,,
K.J. Osborn,WAS,WR,7,No,No,Yes,7,,No,Yes,,,,,,,,,,,0.4286,,,,,,,,,,,,,,,,,,,,,,,,,,9,0.5714,,,,,,,,,,
Tyler Conklin,NYJ,TE,43,Yes,Yes,No,40,11,No,Yes,10,0.9091,0.275,9,0.8182,49,60,19,-11,0.6,0.35,-1,85.2,1.225,4.4545,-1.1161,5.4444,6.6667,2.1111,15.7803,15.7803,0.2558,4.9,13.9,9.4,13.9,18.4,13.9,9.4,13.9,13.9,13.9,9.4,18.4,13.9,,16,0.05,1,,1,1,0.1111,,,,,
Justice Hill,BLT,RB,21,No,Yes,No,19,16,No,Yes,11,0.6875,0.8421,11,0.6875,76,90,11,-14,,,-0.875,79.2,4,4.75,-1.2149,6.9091,8.1818,1,26.7904,26.7904,0.7619,7.6,18.6,13.1,24.1,18.6,18.6,13.1,18.6,18.6,18.6,13.1,18.6,18.6,1,16,,,1,4,2,0.1818,,,,,
Anthony Firkser,KC,TE,2,Yes,Yes,No,1,,No,No,,,,,,,,,,,1,,,,,,,,,,,,,,,,,,,,,,,,,,6,,,,,,,,,,,
James Conner,ARZ,RB,29,No,Yes,No,24,21,No,Yes,21,1,0.875,21,1,143,159,68,-16,,,-0.7619,95,5.9583,6.8095,0.9421,6.8095,7.5714,3.2381,33.7855,33.7855,0.7241,14.3,35.3,24.8,45.8,35.3,38.3,27.8,35.3,35.3,35.3,24.8,35.3,35.3,2,16,,,1,4,7,0.3333,,,,,
Jonathan Taylor,IND,RB,9,No,Yes,No,9,9,No,Yes,7,0.7778,1,6,0.6667,25,23,7,,,,,70.1,2.7778,2.7778,-3.3544,4.1667,3.8333,1.1667,15.3703,15.3703,1,2.5,8.5,5.5,11.5,8.5,8.5,5.5,8.5,8.5,8.5,5.5,8.5,8.5,,14,,,1,,,,1,0.1111,,,
Troy Franklin,DEN,WR,33,Yes,No,No,32,1,No,Yes,1,1,0.0312,1,1,2,5,2,-3,,0.1562,-3,79.2,0.0625,2,-2.9408,2,5,2,1.6549,1.6549,0.0303,0.2,1.2,0.7,1.2,1.2,1.2,0.7,1.2,1.2,1.2,0.7,1.2,1.2,,16,0.8438,,,,,,,,,,
Javon Baker,NE,WR,2,No,No,No,2,,No,Yes,,,,,,,,,,,,,,,,,,,,,,,,,,,,,,,,,,,,,10,1,,,,,,,,,,
Michael Pittman,IND,WR,21,No,Yes,No,21,,No,Yes,,,,,,,,,,,0.2381,,,,,,,,,,,,,,,,,,,,,,,,,,16,0.7619,,,,,,,,,,
Malik Washington,MIA,WR,15,Yes,Yes,No,13,,No,Yes,,,,,,,,,,,0.5385,,,,,,,,,,,,,,,,,,,,,,,,,,14,0.4615,,,,,,,,,,
Tyler Goodson,IND,RB,7,No,Yes,No,7,5,No,Yes,5,1,0.7143,5,1,27,21,14,6,,,1.2,89.2,3.8571,5.4,-0.6575,5.4,4.2,2.8,7.1326,7.1326,0.7143,2.7,7.7,5.2,10.2,7.7,7.7,5.2,7.7,7.7,7.7,5.2,7.7,7.7,1,16,,,1,1,1,0.2,,,,,
Jordan Mason,SF,RB,14,No,No,No,12,10,No,Yes,9,0.9,0.8333,9,0.9,61,39,13,26,,0.0833,2.6,92.1,5.0833,6.1,-0.4389,6.7778,4.3333,1.4444,15.4674,15.4674,0.7143,6.1,15.1,10.6,19.6,15.1,15.1,10.6,15.1,15.1,15.1,10.6,15.1,15.1,3,12,0.0833,,0.8333,3,2,0.2222,,,,,
Tre Tucker,LV,WR,50,No,No,No,49,,No,No,,,,,,,,,,,0.3878,,,,,,,,,,,,,,,,,,,,,,,,,,17,0.6122,,,,,,,,,,
Javonte Williams,DEN,RB,46,Yes,No,No,40,34,No,Yes,29,0.8529,0.85,26,0.7647,158,134,45,23,0.1,,0.6765,85.2,3.95,4.6471,-1.5314,6.0769,5.1538,1.7308,48.8332,48.8332,0.7391,15.8,41.8,28.8,54.8,41.8,44.8,31.8,41.8,41.8,41.8,28.8,41.8,41.8,,17,0.025,1,0.875,7,4,0.1538,2,0.0588,,1,1
Grant DuBose,MIA,WR,1,No,Yes,No,1,,No,Yes,,,,,,,,,,,,,,,,,,,,,,,,,,,,,,,,,,,,,3,1,,,,,,,,,,
Cam Akers,MIN,RB,8,Yes,No,Yes,7,5,No,Yes,5,1,0.7143,5,1,16,18,2,-2,,,-0.4,80,2.2857,3.2,-2.7842,3.2,3.6,0.4,7.521,7.521,0.625,1.6,6.6,4.1,9.1,6.6,6.6,4.1,6.6,6.6,6.6,4.1,6.6,6.6,,16,,1,1,,1,0.2,,,,1,
JaMycal Hasty,NE,RB,8,No,Yes,Yes,8,8,No,Yes,7,0.875,1,7,0.875,54,57,16,-3,,,-0.375,134.4,6.75,6.75,0.8777,7.7143,8.1429,2.2857,12.3563,12.3563,1,11.4,18.4,14.9,21.9,18.4,18.4,14.9,18.4,18.4,18.4,14.9,18.4,18.4,1,13,,,1,2,6,0.8571,,,1,,
Greg Dortch,ARZ,WR,23,Yes,Yes,No,23,3,No,No,3,1,0.1304,3,1,17,26,16,-9,,0.7826,-3,90.3,0.7391,5.6667,0.7722,5.6667,8.6667,5.3333,6.4725,6.4725,0.1304,1.7,4.7,3.2,4.7,4.7,4.7,3.2,4.7,4.7,4.7,3.2,4.7,4.7,,17,0.2174,,,1,2,0.6667,,,,,
Tip Reiman,ARZ,TE,17,Yes,Yes,No,12,2,No,No,2,1,0.1667,2,1,6,4,1,2,0.9167,0.0833,1,79.2,0.5,3,-2.8295,3,2,0.5,4.389,4.389,0.1176,0.6,2.6,1.6,2.6,3.6,2.6,1.6,2.6,2.6,2.6,1.6,3.6,2.6,,17,,,,,1,0.5,,,,,
Courtland Sutton,DEN,WR,56,Yes,No,No,56,,No,Yes,,,,,,,,,,,0.1071,,,,,,,,,,,,,,,,,,,,,,,,,,17,0.8929,,,,,,,,,,
Audric Estime,DEN,RB,4,Yes,No,No,4,4,No,Yes,4,1,1,4,1,16,25,10,-9,,,-2.25,83.3,4,4,-1.9091,4,6.25,2.5,7.8269,7.8269,1,1.6,5.6,3.6,7.6,5.6,5.6,3.6,5.6,5.6,5.6,3.6,5.6,5.6,,13,,,1,1,,,,,,,
Charlie Kolar,BLT,TE,3,No,No,Yes,3,,No,No,,,,,,,,,,0.6667,,,,,,,,,,,,,,,,,,,,,,,,,,,13,0.3333,,,,,,,,,,
Darnell Washington,PIT,TE,28,No,Yes,No,16,2,Yes,Yes,2,1,0.125,2,1,24,23,21,1,0.9375,,0.5,116.7,1.5,12,6.3643,12,11.5,10.5,2.9746,2.9746,0.0714,2.4,4.4,3.4,4.4,5.4,4.4,3.4,4.4,4.4,4.4,3.4,5.4,4.4,,17,0.0625,,,1,2,1,,,,,
Zach Ertz,WAS,TE,28,No,No,No,26,3,No,Yes,2,0.6667,0.1154,2,0.6667,9,9,2,5,0.2308,0.6538,1.6667,70.1,0.3462,3,-2.7778,4.5,4.5,1,4.6155,4.6155,0.1071,0.9,2.9,1.9,2.9,3.9,2.9,1.9,2.9,2.9,2.9,1.9,3.9,2.9,,17,0.0769,,0.0385,,,,,,,,
Davis Allen,LA,TE,12,Yes,Yes,Yes,6,,No,Yes,,,,,,,,,,0.6667,,,,,,,,,,,,,,,,,,,,,,,,,,,14,0.3333,,,,,,,,,,
John Samuel Shenker,LV,TE,3,No,Yes,No,3,,No,Yes,,,,,,,,,,0.6667,0.3333,,,,,,,,,,,,,,,,,,,,,,,,,,7,,,,,,,,,,,
Tim Jones,JAX,WR,1,No,Yes,No,1,,No,Yes,,,,,,,,,,,1,,,,,,,,,,,,,,,,,,,,,,,,,,16,,,,,,,,,,,
Jahmyr Gibbs,DET,RB,17,Yes,No,Yes,16,15,No,Yes,13,0.8667,0.9375,11,0.7333,136,143,22,-17,,,-1.1333,123.2,8.5,9.0667,3.0612,12.3636,13,2,22.6683,22.6683,0.8824,19.6,30.6,25.1,36.1,30.6,33.6,28.1,30.6,30.6,30.6,25.1,30.6,30.6,2,17,,1,1,6,5,0.4545,1,0.0667,1,,
Odell Beckham,MIA,WR,6,Yes,No,No,6,1,Yes,Yes,1,1,0.1667,1,1,1,1,1,,,0.5,,79.2,0.1667,1,-5.0386,1,1,1,1.4832,1.4832,0.1667,0.1,1.1,0.6,1.1,1.1,1.1,0.6,1.1,1.1,1.1,0.6,1.1,1.1,,9,0.5,,,,,,,,,,
D.J. Turner,LV,WR,19,No,Yes,No,19,3,No,Yes,2,0.6667,0.1579,2,0.6667,25,32,4,-9,,0.7895,-3,92.4,1.3158,8.3333,3.1964,12.5,16,2,4.3189,4.3189,0.1579,2.5,4.5,3.5,4.5,4.5,4.5,3.5,4.5,4.5,4.5,3.5,4.5,4.5,,12,0.2105,,,1,2,1,,,,,
Dalton Kincaid,BUF,TE,24,No,No,No,23,5,No,No,3,0.6,0.2174,3,0.6,23,22,7,-2,0.5217,0.4348,-0.4,71.3,1,4.6,-1.1148,7.6667,7.3333,2.3333,7.4435,7.4435,0.2083,2.3,5.3,3.8,5.3,6.8,5.3,3.8,5.3,5.3,5.3,3.8,6.8,5.3,,13,0.0435,,,1,1,0.3333,,,,,
Jakobi Meyers,LV,WR,45,No,No,No,45,,No,No,,,,,,,,,,,0.2444,,,,,,,,,,,,,,,,,,,,,,,,,,15,0.7556,,,,,,,,,,
Hunter Henry,NE,TE,33,No,Yes,Yes,31,3,No,Yes,3,1,0.0968,3,1,11,15,3,-4,0.3871,0.4516,-1.3333,81.9,0.3548,3.6667,-1.5154,3.6667,5,1,4.9061,4.9061,0.0909,1.1,4.1,2.6,4.1,5.6,4.1,2.6,4.1,4.1,4.1,2.6,5.6,4.1,1,16,0.1613,,,,,,,,,,
Nelson Agholor,BLT,WR,18,No,No,No,18,,No,Yes,,,,,,,,,,0.0556,0.3333,,,,,,,,,,,,,,,,,,,,,,,,,,14,0.6111,,,,,,,,,,
Gabe Davis,JAX,WR,20,No,No,No,20,1,No,Yes,,,0.05,,,,,,,,0.15,,39.6,,,-6.0386,,,,1.4339,1.4339,0.05,,,,,,,,,,,,,,,10,0.85,,,,,,,,,,
Michael Wilson,ARZ,WR,50,No,Yes,No,50,,No,Yes,,,,,,,,,,,0.26,,,,,,,,,,,,,,,,,,,,,,,,,,16,0.74,,,,,,,,,,
Cody White,SEA,WR,4,No,No,Yes,4,,No,Yes,,,,,,,,,,,0.25,,,,,,,,,,,,,,,,,,,,,,,,,,4,0.75,,,,,,,,,,
River Cracraft,MIA,WR,3,Yes,Yes,No,2,,No,Yes,,,,,,,,,,,,,,,,,,,,,,,,,,,,,,,,,,,,,8,1,,,,,,,,,,
DJ Chark,LAC,WR,1,No,No,No,1,,No,No,,,,,,,,,,,,,,,,,,,,,,,,,,,,,,,,,,,,,7,1,,,,,,,,,,
Ian Thomas,CAR,TE,5,No,Yes,No,4,,No,Yes,,,,,,,,,,0.75,0.25,,,,,,,,,,,,,,,,,,,,,,,,,,5,,,,,,,,,,,
Zay Flowers,BLT,WR,28,No,No,Yes,28,1,No,No,,,0.0357,,,,,,-4,,0.3571,-4,39.6,,,-4.4851,,,,1.65,1.65,0.0357,,,,,,,,,,,,,,1,17,0.6429,,,,,,,,,,
Ezekiel Elliott,DAL,RB,11,Yes,Yes,No,8,8,No,Yes,7,0.875,1,7,0.875,40,57,4,-16,,0.125,-2,87.5,5,5,-0.7377,5.7143,8.1429,0.5714,11.35,11.35,0.7273,4,11,7.5,14.5,11,11,7.5,11,11,11,7.5,11,11,,15,,1,0.875,1,2,0.2857,,,,1,
Stone Smartt,LAC,TE,5,No,No,No,5,,No,No,,,,,,,,,,0.4,0.6,,,,,,,,,,,,,,,,,,,,,,,,,,14,,,,,,,,,,,
Eric Tomlinson,LAC,TE,5,No,No,No,5,2,No,Yes,2,1,0.4,2,1,9,12,5,-3,0.8,,-1.5,85.4,1.8,4.5,-1.0771,4.5,6,2.5,2.8994,2.8994,0.4,0.9,2.9,1.9,2.9,3.9,2.9,1.9,2.9,2.9,2.9,1.9,3.9,2.9,,9,0.2,,,,1,0.5,,,,,
T.J. Hockenson,MIN,TE,13,Yes,No,Yes,13,,No,Yes,,,,,,,,,,0.7692,0.1538,,,,,,,,,,,,,,,,,,,,,,,,,,10,0.0769,,,,,,,,,,
Simi Fehoko,LAC,WR,11,No,Yes,No,11,,No,No,,,,,,,,,,,0.0909,,,,,,,,,1.349,1.349,,,,,,,,,,,,,,,,8,0.9091,,,,,,,,,,
Xavier Hutchinson,HST,WR,20,No,Yes,No,20,,No,No,,,,,,,,,,,0.45,,,,,,,,,,,,,,,,,,,,,,,,,,16,0.55,,,,,,,,,,
Josh Reynolds,JAX,WR,19,No,Yes,No,19,,No,Yes,,,,,,,,,,,0.1053,,,,,,,,,,,,,,,,,,,,,,,,,,9,0.8947,,,,,,,,,,
Noah Gray,KC,TE,25,Yes,No,No,22,3,No,Yes,3,1,0.1364,3,1,9,10,1,-1,0.5,0.2727,-0.3333,79.2,0.4091,3,-2.8414,3,3.3333,0.3333,4.5996,4.5996,0.12,0.9,3.9,2.4,3.9,5.4,3.9,2.4,3.9,3.9,3.9,2.4,5.4,3.9,,17,0.1818,,0.0455,,,,,,,,
Brian Thomas,JAX,WR,38,No,Yes,No,38,,No,Yes,,,,,,,,,,,0.1842,,,,,,,,,,,,,,,,,,,,,,,,,,17,0.8158,,,,,,,,,,
DeAndre Hopkins,KC,WR,24,No,Yes,No,24,,No,No,,,,,,,,,,,0.2917,,,,,,,,,,,,,,,,,,,,,,,,,,16,0.7083,,,,,,,,,,
Tim Patrick,DET,WR,21,Yes,No,Yes,21,1,No,Yes,1,1,0.0476,1,1,3,6,3,-3,,0.1905,-3,79.2,0.1429,3,-1.9408,3,6,3,1.435,1.435,0.0476,0.3,1.3,0.8,1.3,1.3,1.3,0.8,1.3,1.3,1.3,0.8,1.3,1.3,,16,0.8095,,,,1,1,,,,,
Devin Culp,TB,TE,1,Yes,Yes,No,1,1,No,Yes,1,1,1,1,1,9,4,2,5,,,5,104.2,9,9,2.52,9,4,2,1.4025,1.4025,1,0.9,1.9,1.4,1.9,2.4,1.9,1.4,1.9,1.9,1.9,1.4,2.4,1.9,,5,1,,,,,,,,,,
Tyrone Tracy,NYG,RB,17,No,Yes,No,16,12,No,Yes,10,0.8333,0.75,10,0.8333,69,57,17,17,,,1.4167,90.6,4.3125,5.75,-0.5232,6.9,5.7,1.7,18.5447,18.5447,0.7059,6.9,16.9,11.9,21.9,16.9,16.9,11.9,16.9,16.9,16.9,11.9,16.9,16.9,,17,,,1,3,2,0.2,,,,,
Michael Mayer,LV,TE,20,No,No,No,18,2,No,No,2,1,0.1111,2,1,5,6,,-1,0.5,0.3333,-0.5,79.2,0.2778,2.5,-2.8133,2.5,3,,4.5135,4.5135,0.1,0.5,2.5,1.5,2.5,3.5,2.5,1.5,2.5,2.5,2.5,1.5,3.5,2.5,1,11,0.1667,,,,,,,,,,
Marvin Harrison,ARZ,WR,49,Yes,Yes,No,49,,No,No,,,,,,,,,,,0.2653,,,,,,,,,,,,,,,,,,,,,,,,,,17,0.7347,,,,,,,,,,
Collin Johnson,CHI,WR,1,No,No,No,1,,No,Yes,,,,,,,,,,,1,,,,,,,,,,,,,,,,,,,,,,,,,,9,,,,,,,,,,,
Bryce Oliver,TEN,WR,2,No,Yes,No,2,,No,No,,,,,,,,,,,0.5,,,,,,,,,,,,,,,,,,,,,,,,,,10,0.5,,,,,,,,,,
Mo Alie-Cox,IND,TE,12,No,Yes,No,9,1,No,Yes,1,1,0.1111,1,1,7,4,,3,0.7778,0.2222,3,95.8,0.7778,7,0.6782,7,4,,1.251,1.251,0.0833,0.7,1.7,1.2,1.7,2.2,1.7,1.2,1.7,1.7,1.7,1.2,2.2,1.7,,17,,,,,,,,,,,
Rashee Rice,KC,WR,8,Yes,Yes,No,7,,No,Yes,,,,,,,,,,,0.5714,,,,,,,,,,,,,,,,,,,,,,,,,,4,0.4286,,,,,,,,,,
Ty Chandler,MIN,RB,2,No,Yes,No,2,1,No,Yes,1,1,0.5,1,1,8,10,2,-2,,,-2,100,4,8,1.802,8,10,2,1.4591,1.4591,0.5,0.8,1.8,1.3,2.3,1.8,1.8,1.3,1.8,1.8,1.8,1.3,1.8,1.8,,15,,,1,,,,,,,,
Austin Hooper,NE,TE,28,No,No,No,24,3,No,Yes,3,1,0.125,3,1,30,39,9,-9,0.7917,0.1667,-3,108.3,1.25,10,4.4397,10,13,3,4.0026,4.0026,0.1071,3,6,4.5,6,7.5,6,4.5,6,6,6,4.5,7.5,6,,17,0.0417,,,2,2,0.6667,,,,,
Britain Covey,PHI,WR,2,No,No,No,2,1,No,Yes,1,1,0.5,1,1,11,15,1,-4,,0.5,-4,112.5,5.5,11,6.5149,11,15,1,1.4911,1.4911,0.5,1.1,2.1,1.6,2.1,2.1,2.1,1.6,2.1,2.1,2.1,1.6,2.1,2.1,,5,0.5,,,1,1,1,,,,,
Justin Watson,KC,WR,25,Yes,No,No,25,,No,Yes,,,,,,,,,,,0.16,,,,,,,,,,,,,,,,,,,,,,,,,,17,0.84,,,,,,,,,,
Jaylen Wright,MIA,RB,7,Yes,Yes,No,5,5,No,Yes,4,0.8,1,2,0.4,6,9,12,-11,,,-2.2,47.9,1.2,1.2,-4.8308,3,4.5,6,8.1017,8.1017,0.7143,0.6,2.6,1.6,3.6,2.6,2.6,1.6,2.6,2.6,2.6,1.6,2.6,2.6,1,15,,,1,1,1,0.5,2,0.4,,,
Ihmir Smith-Marsette,NYG,WR,2,No,Yes,No,2,,No,Yes,,,,,,,,,,,1,,,,,,,,,,,,,,,,,,,,,,,,,,15,,,,,,,,,,,
Jordan Addison,MIN,WR,21,Yes,No,Yes,20,2,No,Yes,2,1,0.1,1,0.5,9,14,2,-10,,0.3,-5,62.5,0.45,4.5,0.3404,9,14,2,2.545,2.545,0.0952,0.9,1.9,1.4,1.9,1.9,1.9,1.4,1.9,1.9,1.9,1.4,1.9,1.9,,15,0.7,,,,1,1,1,0.5,,,
Tyler Lockett,SEA,WR,38,Yes,Yes,Yes,38,,No,Yes,,,,,,,,,,,0.1316,,,,,,,,,,,,,,,,,,,,,,,,,,17,0.8684,,,,,,,,,,
Keon Coleman,BUF,WR,14,No,No,No,14,,No,Yes,,,,,,,,,,,,,,,,,,,,,,,,,,,,,,,,,,,,,13,1,,,,,,,,,,
Lil'Jordan Humphrey,DEN,WR,25,Yes,No,No,24,,No,Yes,,,,,,,,,,,0.5417,,,,,,,,,,,,,,,,,,,,,,,,,,17,0.4583,,,,,,,,,,
Kenneth Walker,SEA,RB,22,No,Yes,No,20,18,No,Yes,17,0.9444,0.9,17,0.9444,137,165,42,-30,,,-1.6667,98.4,6.85,7.6111,1.8517,8.0588,9.7059,2.4706,25.795,25.795,0.8182,13.7,30.7,22.2,39.2,30.7,33.7,25.2,30.7,30.7,30.7,22.2,30.7,30.7,4,11,,,1,9,4,0.2353,,,,,
De'Von Achane,MIA,RB,32,Yes,Yes,No,29,20,No,Yes,20,1,0.6897,20,1,110,129,54,-42,,0.1379,-2.1,106.3,3.7931,5.5,-0.349,5.5,6.45,2.7,33.68,33.68,0.625,17,37,27,47,37,40,30,37,37,37,27,37,37,1,17,0.1724,,0.6897,5,5,0.25,,,1,,
Mike Evans,TB,WR,29,Yes,Yes,No,29,,No,Yes,,,,,,,,,,,0.2069,,,,,,,,,,,,,,,,,,,,,,,,,,14,0.7931,,,,,,,,,,
John FitzPatrick,GB,TE,2,No,No,No,2,1,No,Yes,1,1,0.5,1,1,2,,,2,1,,2,79.2,1,2,-4.3701,2,,,1.4542,1.4542,0.5,0.2,1.2,0.7,1.2,1.7,1.2,0.7,1.2,1.2,1.2,0.7,1.7,1.2,,9,,,,,2,2,,,,,
Sean Tucker,TB,RB,8,Yes,Yes,No,8,7,No,Yes,6,0.8571,0.875,5,0.7143,72,67,21,14,,,2,144,9,10.2857,3.6644,14.4,13.4,4.2,10.0001,10.0001,0.875,13.2,18.2,15.7,20.7,18.2,18.2,15.7,18.2,18.2,18.2,15.7,18.2,18.2,,17,,1,1,4,3,0.6,,,1,,
Ramel Keyton,LV,WR,3,No,No,No,3,,No,No,,,,,,,,,,,,,,,,,,,,,,,,,,,,,,,,,,,,,8,1,,,,,,,,,,
Zach Pascal,ARZ,WR,3,Yes,Yes,No,3,,No,No,,,,,,,,,,,0.3333,,,,,,,,,,,,,,,,,,,,,,,,,,14,0.6667,,,,,,,,,,
Xavier Gipson,NYJ,WR,9,Yes,Yes,No,9,,No,Yes,,,,,,,,,,,0.3333,,,,,,,,,,,,,,,,,,,,,,,,,,17,0.6667,,,,,,,,,,
Cedrick Wilson,NO,WR,32,Yes,Yes,No,30,2,No,Yes,2,1,0.0667,2,1,7,22,3,-15,,0.4333,-7.5,81.3,0.2333,3.5,0.9595,3.5,11,1.5,3.5024,3.5024,0.0625,0.7,2.7,1.7,2.7,2.7,2.7,1.7,2.7,2.7,2.7,1.7,2.7,2.7,,15,0.5667,,,,,,,,,,
Tank Bigsby,JAX,RB,4,No,Yes,No,4,4,No,Yes,4,1,1,3,0.75,16,15,2,-5,,,-1.25,81.3,4,4,-1.9244,5.3333,5,0.6667,5.4259,5.4259,1,1.6,4.6,3.1,6.1,4.6,4.6,3.1,4.6,4.6,4.6,3.1,4.6,4.6,,16,,,1,,,,1,0.25,,,
Mike Woods,CLV,WR,14,No,No,No,14,,No,Yes,,,,,,,,,,,0.1429,,,,,,,,,,,,,,,,,,,,,,,,,,5,0.8571,,,,,,,,,,
Jack Stoll,MIA,TE,4,No,No,No,3,,No,Yes,,,,,,,,,,0.6667,0.3333,,,,,,,,,,,,,,,,,,,,,,,,,,9,,,,,,,,,,,
Luke Schoonmaker,DAL,TE,16,No,No,No,15,1,No,Yes,1,1,0.0667,1,1,3,2,1,1,0.4667,0.4667,1,79.2,0.2,3,-2.7754,3,2,1,1.5754,1.5754,0.0625,0.3,1.3,0.8,1.3,1.8,1.3,0.8,1.3,1.3,1.3,0.8,1.8,1.3,,17,0.0667,,,,,,,,,,
Nate Adkins,DEN,TE,16,Yes,No,No,10,3,No,Yes,3,1,0.3,3,1,18,15,4,3,0.8,0.1,1,91.7,1.8,6,-0.3955,6,5,1.3333,5.0386,5.0386,0.1875,1.8,4.8,3.3,4.8,6.3,4.8,3.3,4.8,4.8,4.8,3.3,6.3,4.8,1,17,0.1,,,,,,,,,,
Trent Taylor,SF,WR,1,Yes,Yes,No,1,,No,No,,,,,,,,,,,,,,,,,,,,,,,,,,,,,,,,,,,,,2,1,,,,,,,,,,
Malik Heath,GB,WR,4,No,No,No,4,,No,Yes,,,,,,,,,,,0.25,,,,,,,,,,,,,,,,,,,,,,,,,,10,0.75,,,,,,,,,,
Mecole Hardman,KC,WR,2,No,Yes,No,2,,No,Yes,,,,,,,,,,,0.5,,,,,,,,,,,,,,,,,,,,,,,,,,12,0.5,,,,,,,,,,
Shane Zylstra,DET,TE,4,Yes,No,Yes,4,,No,Yes,,,,,,,,,,0.25,0.25,,,,,,,,,,,,,,,,,,,,,,,,,,12,0.25,,0.25,,,,,,,,
Chris Conley,SF,WR,7,Yes,Yes,No,7,,No,No,,,,,,,,,,,0.2857,,,,,,,,,,,,,,,,,,,,,,,,,,15,0.7143,,,,,,,,,,
Travis Homer,CHI,RB,3,Yes,No,No,3,3,No,Yes,3,1,1,3,1,11,9,3,2,,,0.6667,81.9,3.6667,3.6667,-2.3144,3.6667,3,1,4.3949,4.3949,1,1.1,4.1,2.6,5.6,4.1,4.1,2.6,4.1,4.1,4.1,2.6,4.1,4.1,,9,,,1,,,,,,,,
Jaelon Darden,SEA,WR,2,Yes,Yes,Yes,2,,No,Yes,,,,,,,,,,,,,,,,,,,,,,,,,,,,,,,,,,,,,11,1,,,,,,,,,,
Marquez Callaway,TB,WR,1,No,Yes,Yes,1,,No,No,,,,,,,,,,,,,,,,,,,,,,,,,,,,,,,,,,,,,2,1,,,,,,,,,,
Puka Nacua,LA,WR,14,No,Yes,No,14,,No,Yes,,,,,,,,,,,0.4286,,,,,,,,,,,,,,,,,,,,,,,,,,11,0.5714,,,,,,,,,,
Joe Mixon,HST,RB,25,No,Yes,No,21,17,No,No,13,0.7647,0.8095,13,0.7647,106,117,39,-3,,,-0.1765,91.8,5.0476,6.2353,0.0994,8.1538,9,3,26.9244,26.9244,0.68,10.6,23.6,17.1,30.1,23.6,26.6,20.1,23.6,23.6,23.6,17.1,23.6,23.6,2,14,0.0476,,0.9524,3,2,0.1538,,,,,
Kristian Wilkerson,LV,WR,2,No,No,No,2,,No,Yes,,,,,,,,,,,0.5,,,,,,,,,,,,,,,,,,,,,,,,,,2,0.5,,,,,,,,,,
James Proche,CLV,WR,2,No,No,Yes,2,1,No,No,1,1,0.5,1,1,3,4,4,-1,,0.5,-1,79.2,1.5,3,-3.1699,3,4,4,1.4522,1.4522,0.5,0.3,1.3,0.8,1.3,1.3,1.3,0.8,1.3,1.3,1.3,0.8,1.3,1.3,,9,0.5,,,,1,1,,,,,
Aaron Jones,MIN,RB,20,Yes,No,Yes,15,11,No,Yes,10,0.9091,0.7333,9,0.8182,65,40,8,23,0.0667,,2.0909,91.3,4.3333,5.9091,-0.5613,7.2222,4.4444,0.8889,16.3279,16.3279,0.55,5.5,14.5,10,19,14.5,14.5,9,13.5,13.5,13.5,9,14.5,13.5,3,17,,,0.9333,,,,1,0.0909,,,
Luke Farrell,JAX,TE,13,No,Yes,No,9,2,No,Yes,2,1,0.2222,2,1,4,,,4,0.6667,0.2222,2,79.2,0.4444,2,-4.0486,2,,,2.9081,2.9081,0.1538,0.4,2.4,1.4,2.4,3.4,2.4,1.4,2.4,2.4,2.4,1.4,3.4,2.4,,17,0.1111,1,,,,,,,,1,
Luke Musgrave,GB,TE,2,No,No,No,2,1,No,Yes,1,1,0.5,1,1,4,1,,3,0.5,0.5,3,83.3,2,4,-2.3218,4,1,,3.5538,3.5538,0.5,0.4,1.4,0.9,1.4,1.9,1.4,0.9,1.4,1.4,1.4,0.9,1.9,1.4,,7,,,,1,,,,,,,
Christian Kirk,JAX,WR,14,Yes,No,No,14,,No,Yes,,,,,,,,,,,0.8571,,,,,,,,,,,,,,,,,,,,,,,,,,8,0.1429,,,,,,,,,,
D'Ernest Johnson,JAX,RB,9,No,Yes,No,9,5,No,Yes,3,0.6,0.5556,2,0.4,15,11,7,4,,0.1111,0.8,47.9,1.6667,3,-3.1464,7.5,5.5,3.5,7.193,7.193,0.5556,1.5,3.5,2.5,4.5,3.5,3.5,2.5,3.5,3.5,3.5,2.5,3.5,3.5,1,13,,1,0.8889,,1,0.5,,,,,
Theo Johnson,NYG,TE,23,No,Yes,No,21,4,No,Yes,4,1,0.1905,2,0.5,18,13,5,11,0.5238,0.3333,2.75,62.5,0.8571,4.5,-1.7822,9,6.5,2.5,5.3495,5.3495,0.1739,1.8,3.8,2.8,3.8,4.8,3.8,2.8,3.8,3.8,3.8,2.8,4.8,3.8,,12,0.0952,1,0.0476,,,,2,0.5,,1,
Jahan Dotson,PHI,WR,34,No,Yes,No,34,2,No,Yes,1,0.5,0.0588,1,0.5,5,4,-1,1,0.0294,0.2059,0.5,56.3,0.1471,2.5,-3.0798,5,4,-1,2.6369,2.6369,0.0588,0.5,1.5,1,1.5,1.5,1.5,1,1.5,1.5,1.5,1,1.5,1.5,1,17,0.7647,,,,,,,,,,
DeVonta Smith,PHI,WR,32,Yes,Yes,No,32,,No,Yes,,,,,,,,,,,0.5938,,,,,,,,,,,,,,,,,,,,,,,,,,13,0.4062,,,,,,,,,,
Jalen McMillan,TB,WR,34,Yes,Yes,No,33,1,No,Yes,1,1,0.0303,1,1,3,5,2,-2,,0.0606,-2,79.2,0.0909,3,-2.4991,3,5,2,1.7404,1.7404,0.0294,0.3,1.3,0.8,1.3,1.3,1.3,0.8,1.3,1.3,1.3,0.8,1.3,1.3,,13,0.9394,,,,,,,,,,
E.J. Jenkins,PHI,TE,5,No,Yes,No,5,,No,Yes,,,,,,,,,,0.4,0.6,,,,,,,,,,,,,,,,,,,,,,,,,,8,,,,,,,,,,,
Jameson Williams,DET,WR,30,Yes,No,Yes,30,1,No,Yes,1,1,0.0333,1,1,9,14,3,-5,,0.3333,-5,104.2,0.3,9,4.8404,9,14,3,1.3667,1.3667,0.0333,0.9,1.9,1.4,1.9,1.9,1.9,1.4,1.9,1.9,1.9,1.4,1.9,1.9,,15,0.6667,,,1,,,,,,,
Eric Gray,NYG,RB,5,No,Yes,No,4,3,No,Yes,3,1,0.75,3,1,9,8,,1,0.25,,0.3333,79.2,2.25,3,-2.7945,3,2.6667,,3.9669,3.9669,0.6,0.9,3.9,2.4,5.4,3.9,3.9,2.4,3.9,3.9,3.9,2.4,3.9,3.9,,16,,,0.75,,,,,,,,
Trenton Irwin,CIN,WR,5,No,No,No,5,,No,Yes,,,,,,,,,,,0.6,,,,,,,,,,,,,,,,,,,,,,,,,,7,0.4,,,,,,,,,,
Tucker Fisk,LAC,TE,7,No,No,No,6,1,No,No,1,1,0.1667,1,1,,1,,-1,0.8333,,-1,79.2,,,-4.9014,,1,,1.3579,1.3579,0.1429,,1,0.5,1,1.5,1,0.5,1,1,1,0.5,1.5,1,,9,,,0.1667,,,,,,,,
Brian Robinson,WAS,RB,12,No,No,No,9,7,No,Yes,6,0.8571,0.7778,6,0.8571,44,34,10,8,,0.1111,1.1429,92.9,4.8889,6.2857,-0.1881,7.3333,5.6667,1.6667,10.4866,10.4866,0.5833,4.4,10.4,7.4,13.4,10.4,10.4,7.4,10.4,10.4,10.4,7.4,10.4,10.4,,14,,,0.8889,1,1,0.1667,,,,,
Alvin Kamara,NO,RB,42,Yes,Yes,No,41,36,No,No,31,0.8611,0.878,26,0.7222,126,143,21,,,0.0488,,76.9,3.0732,3.5,-2.508,4.8462,5.5,0.8077,53.6678,53.6678,0.8571,12.6,38.6,25.6,51.6,38.6,41.6,28.6,38.6,38.6,38.6,25.6,38.6,38.6,2,14,0.0244,1,0.9268,6,1,0.0385,4,0.1111,,,1
Ray-Ray McCloud,ATL,WR,42,No,Yes,No,42,1,No,Yes,1,1,0.0238,1,1,6,11,,-5,,0.6429,-5,91.7,0.1429,6,1.8404,6,11,,1.4929,1.4929,0.0238,0.6,1.6,1.1,1.6,1.6,1.6,1.1,1.6,1.6,1.6,1.1,1.6,1.6,,17,0.3571,,,,,,,,,,
Eric Saubert,SF,TE,8,Yes,Yes,No,8,1,No,No,1,1,0.125,1,1,4,,,4,0.375,0.25,4,83.3,0.5,4,-2.0667,4,,,1.5114,1.5114,0.125,0.4,1.4,0.9,1.4,1.9,1.4,0.9,1.4,1.4,1.4,0.9,1.9,1.4,,17,0.375,,,,,,,,,,
Chris Collier,LV,RB,1,No,No,No,1,1,No,No,,,1,,,,,,,,,,39.6,,,-5.8271,,,,1.5191,1.5191,1,,,,,,,,,,,,,,,6,,,1,,,,,,,,
Justyn Ross,KC,WR,1,No,No,No,1,,No,Yes,,,,,,,,,,,,,,,,,,,,,,,,,,,,,,,,,,,,,2,1,,,,,,,,,,
Malik Nabers,NYG,WR,28,No,Yes,No,28,,No,Yes,,,,,,,,,,,0.1071,,,,,,,,,,,,,,,,,,,,,,,,,,15,0.8929,,,,,,,,,,
Raheem Blackshear,CAR,RB,1,No,Yes,No,1,,No,Yes,,,,,,,,,,,,,,,,,,,,,,,,,,,,,,,,,,,,,16,,,1,,,,,,,,
Demario Douglas,NE,WR,27,No,No,No,27,2,No,Yes,2,1,0.0741,2,1,8,14,2,-6,,0.963,-3,83.3,0.2963,4,-0.9408,4,7,1,4.3992,4.3992,0.0741,0.8,2.8,1.8,2.8,2.8,2.8,1.8,2.8,2.8,2.8,1.8,2.8,2.8,,17,0.037,,,,,,,,,,
Sione Vaki,DET,RB,2,No,No,No,2,1,No,No,1,1,0.5,1,1,12,14,4,-2,,,-2,116.7,6,12,5.802,12,14,4,1.2747,1.2747,0.5,1.2,2.2,1.7,2.7,2.2,2.2,1.7,2.2,2.2,2.2,1.7,2.2,2.2,,11,,,1,1,,,,,,,
Alexander Mattison,LV,RB,25,No,No,No,21,19,No,No,17,0.8947,0.9048,17,0.8947,138,159,60,-20,,0.0952,-1.0526,92.5,6.5714,7.2632,1.2175,8.1176,9.3529,3.5294,28.5694,28.5694,0.76,19.8,36.8,28.3,45.3,36.8,39.8,31.3,36.8,36.8,36.8,28.3,36.8,36.8,,14,,,0.9048,4,6,0.3529,,,1,,
Cade Otton,TB,TE,39,No,No,No,31,4,No,Yes,3,0.75,0.129,2,0.5,16,9,2,8,0.6452,0.2581,2,20.8,0.5161,4,-1.9832,8,4.5,1,7.1171,7.1171,0.1026,1.6,3.6,2.6,3.6,4.6,3.6,2.6,3.6,3.6,3.6,2.6,4.6,3.6,,14,0.0968,,,,,,1,0.25,,,
Taysom Hill,NO,TE,9,No,Yes,Yes,9,3,No,Yes,2,0.6667,0.3333,2,0.6667,12,9,2,7,0.3333,0.3333,2.3333,74.3,1.3333,4,-2.0707,6,4.5,1,4.2913,4.2913,0.3333,1.2,3.2,2.2,3.2,4.2,3.2,2.2,3.2,3.2,3.2,2.2,4.2,3.2,,8,0.1111,,0.2222,,,,,,,,
Tank Dell,HST,WR,34,Yes,Yes,No,34,2,No,No,2,1,0.0588,2,1,2,18,1,-16,,0.0588,-8,79.2,0.0588,1,-2.1412,1,9,0.5,3.8925,3.8925,0.0588,0.2,2.2,1.2,2.2,2.2,2.2,1.2,2.2,2.2,2.2,1.2,2.2,2.2,1,14,0.9412,,,,,,,,,,
Xavier Weaver,ARZ,WR,6,Yes,Yes,No,6,,No,No,,,,,,,,,,,,,,,,,,,,,,,,,,,,,,,,,,,,,2,1,,,,,,,,,,
Gus Edwards,LAC,RB,8,No,No,No,6,2,No,Yes,2,1,0.3333,2,1,3,4,1,-1,,0.1667,-0.5,79.2,0.5,1.5,-4.4637,1.5,2,0.5,2.933,2.933,0.25,0.3,2.3,1.3,3.3,2.3,2.3,1.3,2.3,2.3,2.3,1.3,2.3,2.3,,11,,,0.8333,,,,,,,,
Rakim Jarrett,TB,WR,5,Yes,Yes,No,5,,No,Yes,,,,,,,,,,,0.6,,,,,,,,,,,,,,,,,,,,,,,,,,10,0.4,,,,,,,,,,
Julian Hill,MIA,TE,16,Yes,Yes,No,9,1,No,Yes,1,1,0.1111,1,1,4,2,1,2,0.7778,0.1111,2,83.3,0.4444,4,-2.3701,4,2,1,1.628,1.628,0.0625,0.4,1.4,0.9,1.4,1.9,1.4,0.9,1.4,1.4,1.4,0.9,1.9,1.4,,16,0.1111,,,,,,,,,,
Dameon Pierce,HST,RB,5,No,Yes,No,5,2,No,No,2,1,0.4,2,1,2,4,4,-2,,0.2,-1,79.2,0.4,1,-4.819,1,2,2,3.4256,3.4256,0.4,0.2,2.2,1.2,3.2,2.2,2.2,1.2,2.2,2.2,2.2,1.2,2.2,2.2,,11,,,0.8,,2,1,,,,,
Blake Corum,LA,RB,3,Yes,Yes,Yes,3,2,No,Yes,2,1,0.6667,2,1,16,16,3,,,,,100,5.3333,8,1.6857,8,8,1.5,3.1523,3.1523,0.6667,1.6,3.6,2.6,4.6,3.6,3.6,2.6,3.6,3.6,3.6,2.6,3.6,3.6,,15,,,1,1,,,,,,,
Pierre Strong,CLV,RB,8,No,No,No,8,3,No,Yes,3,1,0.375,2,0.6667,8,9,4,5,0.25,0.125,1.6667,70.1,1,2.6667,-4.0103,4,4.5,2,4.1408,4.1408,0.375,0.8,2.8,1.8,3.8,2.8,2.8,1.8,2.8,2.8,2.8,1.8,2.8,2.8,,13,0.125,1,0.5,,,,,,,,
Jacob Kibodi,CLV,RB,2,No,No,Yes,2,2,No,No,,,1,,,,,,6,,,3,,,,-6.5094,,,,2.661,2.661,1,,,,,,,,,,,,,,2,1,,,1,,,,,,,,
Breece Hall,NYJ,RB,39,Yes,Yes,No,31,25,No,Yes,22,0.88,0.8065,19,0.76,241,244,66,-5,0.0645,,-0.2,132.3,7.7742,9.64,3.6788,12.6842,12.8421,3.4737,38.7298,38.7298,0.641,36.1,55.1,45.6,64.6,55.1,58.1,48.6,55.1,55.1,55.1,45.6,55.1,55.1,3,16,,,0.9355,8,10,0.5263,3,0.12,2,,
Trent Sherfield,MIN,WR,4,Yes,No,Yes,4,1,No,Yes,1,1,0.25,1,1,17,13,,4,,0.75,4,118.8,4.25,17,10.9502,17,13,,1.4828,1.4828,0.25,1.7,2.7,2.2,2.7,2.7,2.7,2.2,2.7,2.7,2.7,2.2,2.7,2.7,,17,0.25,,,1,,,,,,,
Tyquan Thornton,NE,WR,2,No,Yes,No,2,,No,Yes,,,,,,,,,,,,,,,,,,,,,,,,,,,,,,,,,,,,,5,1,,,,,,,,,,
DK Metcalf,SEA,WR,37,Yes,Yes,Yes,36,,No,Yes,,,,,,,,,,,0.0278,,,,,,,,,,,,,,,,,,,,,,,,,,15,0.9722,,,,,,,,,,
Mark Andrews,BLT,TE,24,No,No,Yes,20,4,No,No,4,1,0.2,4,1,26,24,6,2,0.25,0.65,0.5,93.8,1.3,6.5,1.0497,6.5,6,1.5,5.3099,5.3099,0.1667,2.6,6.6,4.6,6.6,8.6,6.6,4.6,6.6,6.6,6.6,4.6,8.6,6.6,,17,0.1,,,1,,,,,,,
Parker Washington,JAX,WR,19,No,Yes,No,19,,No,Yes,,,,,,,,,,,0.5263,,,,,,,,,,,,,,,,,,,,,,,,,,17,0.4737,,,,,,,,,,
MyCole Pruitt,PIT,TE,8,No,Yes,No,4,3,Yes,Yes,2,0.6667,0.75,2,0.6667,2,8,4,-12,0.75,,-4,70.1,0.5,0.6667,-5.6157,1,4,2,4.3404,4.3404,0.375,0.2,2.2,1.2,2.2,3.2,2.2,1.2,2.2,2.2,2.2,1.2,3.2,2.2,,12,,,0.25,,,,,,,,
Allen Robinson,DET,WR,2,No,No,No,2,,No,No,,,,,,,,,,,1,,,,,,,,,,,,,,,,,,,,,,,,,,12,,,,,,,,,,,
Kendre Miller,NO,RB,5,No,Yes,No,4,4,No,Yes,4,1,1,3,0.75,17,26,7,-7,,,-1.75,82.3,4.25,4.25,-1.5207,5.6667,8.6667,2.3333,6.0268,6.0268,0.8,1.7,4.7,3.2,6.2,4.7,4.7,3.2,4.7,4.7,4.7,3.2,4.7,4.7,,6,,,1,1,,,1,0.25,,,
Diontae Johnson,HST,WR,35,No,Yes,No,35,,No,No,,,,,,,,,,,0.0286,,,,,,,,,,,,,,,,,,,,,,,,,,12,0.9714,,,,,,,,,,
Erick All,CIN,TE,10,No,No,No,8,2,No,Yes,2,1,0.25,1,0.5,,3,1,-5,0.625,0.125,-2.5,56.3,,,-5.3581,,3,1,3.1254,3.1254,0.2,,1,0.5,1,1.5,1,0.5,1,1,1,0.5,1.5,1,,9,0.25,,,,,,1,0.5,,,
Braxton Berrios,MIA,WR,2,No,Yes,No,2,,No,Yes,,,,,,,,,,,0.5,,,,,,,,,,,,,,,,,,,,,,,,,,6,0.5,,,,,,,,,,
Jonnu Smith,MIA,TE,31,Yes,Yes,No,27,6,No,Yes,5,0.8333,0.2222,4,0.6667,29,36,6,-14,0.4074,0.2593,-2.3333,77.8,1.0741,4.8333,-1.0735,7.25,9,1.5,8.9455,8.9455,0.1935,2.9,6.9,4.9,6.9,8.9,6.9,4.9,6.9,6.9,6.9,4.9,8.9,6.9,,17,0.3333,,,1,,,1,0.1667,,,
Harrison Bryant,LV,TE,5,No,No,No,4,1,No,No,1,1,0.25,1,1,12,11,5,1,1,,1,116.7,3,12,6.2246,12,11,5,1.4989,1.4989,0.2,1.2,2.2,1.7,2.2,2.7,2.2,1.7,2.2,2.2,2.2,1.7,2.7,2.2,,13,,,,1,1,1,,,,,
Tylan Wallace,BLT,WR,10,No,No,Yes,10,,No,No,,,,,,,,,,,0.1,,,,,,,,,,,,,,,,,,,,,,,,,,17,0.9,,,,,,,,,,
Josiah Deguara,JAX,TE,3,No,Yes,No,3,1,No,Yes,1,1,0.3333,1,1,4,2,1,2,,0.3333,2,83.3,1.3333,4,-2.3701,4,2,1,1.35,1.35,0.3333,0.4,1.4,0.9,1.4,1.9,1.4,0.9,1.4,1.4,1.4,0.9,1.9,1.4,,13,0.6667,,,,,,,,,,
Braelon Allen,NYJ,RB,9,Yes,Yes,No,7,6,No,Yes,4,0.6667,0.8571,3,0.5,16,17,6,1,,,0.1667,56.3,2.2857,2.6667,-3.3082,5.3333,5.6667,2,8.2266,8.2266,0.6667,1.6,4.6,3.1,6.1,4.6,4.6,3.1,4.6,4.6,4.6,3.1,4.6,4.6,,17,,,1,,,,1,0.1667,,,
Elijah Higgins,ARZ,TE,15,Yes,Yes,No,14,6,No,No,6,1,0.4286,6,1,53,56,25,-3,0.3571,0.5,-0.5,103.5,3.7857,8.8333,2.9838,8.8333,9.3333,4.1667,10.6721,10.6721,0.4,5.3,11.3,8.3,11.3,14.3,11.3,8.3,11.3,11.3,11.3,8.3,14.3,11.3,,17,0.0714,,0.0714,3,4,0.6667,,,,,
Adam Thielen,CAR,WR,17,No,Yes,No,16,1,No,Yes,1,1,0.0625,1,1,4,7,3,-3,,0.6875,-3,83.3,0.25,4,-0.9408,4,7,3,1.858,1.858,0.0588,0.4,1.4,0.9,1.4,1.4,1.4,0.9,1.4,1.4,1.4,0.9,1.4,1.4,,10,0.3125,,,,,,,,,,
Tutu Atwell,LA,WR,16,Yes,Yes,Yes,16,,No,Yes,,,,,,,,,,,0.375,,,,,,,,,,,,,,,,,,,,,,,,,,17,0.625,,,,,,,,,,
David Moore,CAR,WR,16,No,Yes,No,16,,No,Yes,,,,,,,,,,,0.125,,,,,,,,,,,,,,,,,,,,,,,,,,17,0.875,,,,,,,,,,
Justin Shorter,LV,TE,1,No,Yes,No,1,,No,Yes,,,,,,,,,,1,,,,,,,,,,,,,,,,,,,,,,,,,,,7,,,,,,,,,,,
Amon-Ra St. Brown,DET,WR,37,Yes,No,Yes,37,1,No,Yes,1,1,0.027,1,1,5,5,1,,,0.3784,,87.5,0.1351,5,-1.0386,5,5,1,2.8028,2.8028,0.027,0.5,1.5,1,1.5,1.5,1.5,1,1.5,1.5,1.5,1,1.5,1.5,1,17,0.6216,,,,,,,,,,
Isaiah Williams,CIN,WR,1,No,Yes,No,1,,Yes,Yes,,,,,,,,,,,1,,,,,,,,,,,,,,,,,,,,,,,,,,8,,,,,,,,,,,
Charlie Woerner,ATL,TE,13,No,Yes,No,9,2,No,Yes,2,1,0.2222,2,1,10,10,2,,0.5556,0.2222,,87.5,1.1111,5,-1.0935,5,5,1,3.1057,3.1057,0.1538,1,3,2,3,4,3,2,3,3,3,2,4,3,,16,0.2222,,,1,,,,,,,
Josh Palmer,LAC,WR,26,No,Yes,Yes,26,,No,Yes,,,,,,,,,,,0.1538,,,,,,,,,,,,,,,,,,,,,,,,,,15,0.8462,,,,,,,,,,
Antonio Gibson,NE,RB,13,No,No,No,12,12,No,Yes,12,1,1,12,1,139,126,39,13,,,1.0833,114.9,11.5833,11.5833,5.3701,11.5833,10.5,3.25,18.1857,18.1857,0.9231,13.9,25.9,19.9,31.9,25.9,28.9,22.9,25.9,25.9,25.9,19.9,25.9,25.9,2,17,,1,1,7,4,0.3333,,,,1,1
Jeff Wilson,MIA,RB,4,Yes,Yes,No,3,1,No,Yes,1,1,0.3333,1,1,7,6,1,1,,,1,95.8,2.3333,7,1.2706,7,6,1,1.6235,1.6235,0.25,0.7,1.7,1.2,2.2,1.7,1.7,1.2,1.7,1.7,1.7,1.2,1.7,1.7,,9,,,1,,,,,,,,
Deuce Vaughn,DAL,RB,3,No,No,No,3,3,No,Yes,2,0.6667,1,2,0.6667,10,11,6,-5,,,-1.6667,71.5,3.3333,3.3333,-2.4991,5,5.5,3,4.5884,4.5884,1,1,3,2,4,3,3,2,3,3,3,2,3,3,,6,,,1,,2,1,,,,,
Garrett Wilson,NYJ,WR,52,Yes,Yes,No,50,,No,Yes,,,,,,,,,,,0.2,,,,,,,,,,,,,,,,,,,,,,,,,,17,0.8,,,,,,,,,,
Dyami Brown,WAS,WR,17,No,No,No,17,1,No,Yes,1,1,0.0588,1,1,24,24,22,,,0.1176,,118.8,1.4118,24,17.9614,24,24,22,1.1808,1.1808,0.0588,2.4,3.4,2.9,3.4,3.4,3.4,2.9,3.4,3.4,3.4,2.9,3.4,3.4,,16,0.8824,,,1,2,2,,,,,
Chris Manhertz,NYG,TE,7,No,Yes,No,3,,No,Yes,,,,,,,,,,0.6667,0.3333,,,,,,,,,,,,,,,,,,,,,,,,,,17,,,,,,,,,,,
Cody Schrader,LA,RB,1,Yes,Yes,Yes,1,1,No,Yes,1,1,1,1,1,6,6,2,,,,,91.7,6,6,0.1729,6,6,2,1.2433,1.2433,1,0.6,1.6,1.1,2.1,1.6,1.6,1.1,1.6,1.6,1.6,1.1,1.6,1.6,,1,,,1,,,,,,,,
Blake Whiteheart,CLV,TE,7,No,No,Yes,6,1,No,No,1,1,0.1667,1,1,5,3,,2,0.6667,0.1667,2,87.5,0.8333,5,-1.3701,5,3,,1.4126,1.4126,0.1429,0.5,1.5,1,1.5,2,1.5,1,1.5,1.5,1.5,1,2,1.5,,11,,,0.1667,,,,,,,,
Emanuel Wilson,GB,RB,7,No,No,No,5,4,No,Yes,3,0.75,0.8,3,0.75,7,15,5,-10,,,-2.5,77.1,1.4,1.75,-4.3337,2.3333,5,1.6667,8.2012,8.2012,0.5714,0.7,3.7,2.2,5.2,3.7,3.7,2.2,3.7,3.7,3.7,2.2,3.7,3.7,1,17,,,1,1,,,,,,,
Quentin Johnston,LAC,WR,19,No,No,No,19,,No,No,,,,,,,,,,,0.0526,,,,,,,,,,,,,,,,,,,,,,,,,,15,0.9474,,,,,,,,,,
Johnny Wilson,PHI,WR,11,No,Yes,No,11,1,No,Yes,1,1,0.0909,1,1,9,6,6,3,0.0909,0.2727,3,104.2,0.8182,9,3.5501,9,6,6,1.3701,1.3701,0.0909,0.9,1.9,1.4,1.9,1.9,1.9,1.4,1.9,1.9,1.9,1.4,1.9,1.9,,16,0.6364,,,1,1,1,,,,,
Cam Grandy,CIN,TE,2,No,Yes,No,1,1,Yes,Yes,1,1,1,1,1,,1,,-1,,1,-1,79.2,,,-4.9014,,1,,1.554,1.554,0.5,,1,0.5,1,1.5,1,0.5,1,1,1,0.5,1.5,1,,8,,,,,,,,,,,
Malachi Corley,NYJ,WR,4,No,No,Yes,4,,No,Yes,,,,,,,,,,,0.5,,,,,,,,,,,,,,,,,,,,,,,,,,7,0.5,,,,,,,,,,
Elijah Moore,CLV,WR,34,No,No,Yes,34,4,No,No,4,1,0.1176,4,1,10,14,2,-4,,0.5,-1,79.2,0.2941,2.5,-3.1004,2.5,3.5,0.5,8.4059,8.4059,0.1176,1,5,3,5,5,5,3,5,5,5,3,5,5,1,17,0.5,,,,,,,,,,
Rachaad White,TB,RB,25,Yes,Yes,No,23,16,No,Yes,14,0.875,0.6957,14,0.875,77,92,35,-22,,0.0435,-1.375,107.6,3.3478,4.8125,-1.1056,5.5,6.5714,2.5,25.3838,25.3838,0.64,12.7,26.7,19.7,33.7,26.7,26.7,18.7,25.7,25.7,25.7,18.7,26.7,25.7,2,16,,,0.9565,2,2,0.1429,,,1,,
Xavier Worthy,KC,WR,36,Yes,No,No,36,2,No,Yes,2,1,0.0556,2,1,14,16,2,-2,,0.3889,-1,95.8,0.3889,7,1.2312,7,8,1,2.7434,2.7434,0.0556,1.4,3.4,2.4,3.4,3.4,3.4,2.4,3.4,3.4,3.4,2.4,3.4,3.4,,17,0.5833,,0.0278,1,1,0.5,,,,,
Zach Charbonnet,SEA,RB,27,Yes,Yes,Yes,24,16,No,Yes,15,0.9375,0.6667,15,0.9375,84,96,28,-12,0.0833,0.0417,-0.75,62.5,3.5,5.25,-0.7169,5.6,6.4,1.8667,22.8511,22.8511,0.5926,8.4,23.4,15.9,30.9,23.4,23.4,15.9,23.4,23.4,23.4,15.9,23.4,23.4,1,17,0.0833,,0.7917,1,5,0.3333,,,,,
Chuba Hubbard,CAR,RB,39,No,No,Yes,37,30,No,Yes,29,0.9667,0.8108,27,0.9,110,134,48,-27,,0.0811,-0.9,93.1,2.973,3.6667,-2.2046,4.0741,4.963,1.7778,47.827,47.827,0.7692,15,42,28.5,55.5,42,45,29.5,40,40,40,26.5,42,40,6,15,0.027,2,0.8919,7,4,0.1481,,,1,,
Jared Wayne,HST,WR,1,No,Yes,No,1,,No,Yes,,,,,,,,,,,,,,,,,,,,,,,,,,,,,,,,,,,,,3,1,,,,,,,,,,
AJ Barner,SEA,TE,21,Yes,Yes,Yes,20,7,No,Yes,6,0.8571,0.35,6,0.8571,37,44,18,-6,0.5,0.4,-0.8571,128.3,1.85,5.2857,-0.3563,6.1667,7.3333,3,10.4683,10.4683,0.3333,9.7,15.7,12.7,15.7,18.7,15.7,12.7,15.7,15.7,15.7,12.7,18.7,15.7,1,17,0.05,,0.05,3,1,0.1667,,,1,,
Kareem Hunt,KC,RB,14,No,Yes,No,14,10,No,No,7,0.7,0.7143,7,0.7,38,49,19,-14,0.0714,,-1.4,76.2,2.7143,3.8,-1.9687,5.4286,7,2.7143,16.6487,16.6487,0.7143,3.8,10.8,7.3,14.3,10.8,10.8,7.3,10.8,10.8,10.8,7.3,10.8,10.8,2,13,,1,0.9286,1,1,0.1429,,,,1,
Brandon Powell,MIN,WR,7,Yes,No,Yes,6,,No,Yes,,,,,,,,,,,0.6667,,,,,,,,,,,,,,,,,,,,,,,,,,17,0.3333,,,,,,,,,,
Derrick Henry,BLT,RB,10,No,No,Yes,8,5,No,No,5,1,0.625,5,1,42,40,8,2,,,0.4,141.3,5.25,8.4,2.1717,8.4,8,1.6,7.4199,7.4199,0.5,10.2,15.2,12.7,17.7,15.2,15.2,12.7,15.2,15.2,15.2,12.7,15.2,15.2,2,17,,,1,3,1,0.2,,,1,,
Robert Tonyan,MIN,TE,2,Yes,No,No,2,,No,Yes,,,,,,,,,,1,,,,,,,,,,,,,,,,,,,,,,,,,,,4,,,,,,,,,,,
Ty Johnson,BUF,RB,11,No,No,No,10,9,No,Yes,7,0.7778,0.9,7,0.7778,57,53,20,16,,,1.7778,130.1,5.7,6.3333,-0.1436,8.1429,7.5714,2.8571,16.6395,16.6395,0.8182,11.7,18.7,15.2,22.2,18.7,18.7,15.2,18.7,18.7,18.7,15.2,18.7,18.7,2,17,,,1,4,1,0.1429,,,1,,
Van Jefferson,PIT,WR,36,No,Yes,No,35,1,Yes,Yes,,,0.0286,,,,,,-1,,0.2286,-1,39.6,,,-6.1699,,,,1.3579,1.3579,0.0278,,,,,,,,,,,,,,,17,0.7714,,,,,,,,,,
Bijan Robinson,ATL,RB,35,No,Yes,No,34,26,No,Yes,25,0.9615,0.7647,23,0.8846,171,191,54,-14,,0.0882,-0.5385,106.9,5.0294,6.5769,0.4991,7.4348,8.3043,2.3478,43.6282,43.6282,0.7429,23.1,46.1,34.6,57.6,46.1,49.1,37.6,46.1,46.1,46.1,34.6,46.1,46.1,2,17,,,0.9118,8,5,0.2174,2,0.0769,1,,
Jaleel McLaughlin,DEN,RB,12,Yes,No,No,12,9,No,Yes,9,1,0.75,9,1,34,53,8,-19,,,-2.1111,119.4,2.8333,3.7778,-1.8879,3.7778,5.8889,0.8889,13.3501,13.3501,0.75,8.4,17.4,12.9,21.9,17.4,17.4,11.9,16.4,16.4,16.4,11.9,17.4,16.4,2,16,,,1,2,,,,,1,,
Geoff Swaim,CLV,TE,6,No,Yes,No,2,1,No,Yes,1,1,0.5,1,1,7,5,2,2,1,,2,95.8,3.5,7,0.6299,7,5,2,1.3971,1.3971,0.1667,0.7,1.7,1.2,1.7,2.2,1.7,1.2,1.7,1.7,1.7,1.2,2.2,1.7,,8,,,,,,,,,,,
Jalen Virgil,BUF,WR,1,Yes,Yes,No,1,,No,Yes,,,,,,,,,,,,,,,,,,,,,,,,,,,,,,,,,,,,,7,1,,,,,,,,,,
Jacob Cowing,SF,WR,5,Yes,Yes,No,5,,No,No,,,,,,,,,,,0.4,,,,,,,,,,,,,,,,,,,,,,,,,,15,0.6,,,,,,,,,,
Calvin Austin,PIT,WR,34,No,Yes,No,34,,Yes,Yes,,,,,,,,,,,0.6765,,,,,,,,,,,,,,,,,,,,,,,,,,17,0.3235,,,,,,,,,,
Ronnie Bell,SF,WR,3,No,No,No,3,,No,Yes,,,,,,,,,,,0.3333,,,,,,,,,,,,,,,,,,,,,,,,,,8,0.6667,,,,,,,,,,
Pat Freiermuth,PIT,TE,50,No,Yes,No,50,5,Yes,Yes,5,1,0.1,5,1,37,31,13,6,0.4,0.4,1.2,97.5,0.74,7.4,1.5692,7.4,6.2,2.6,7.1715,7.1715,0.1,2.7,7.7,5.2,7.7,10.2,7.7,4.2,6.7,6.7,6.7,4.2,10.2,6.7,,17,0.18,,0.02,,,,,,,,
Cordarrelle Patterson,PIT,RB,6,No,Yes,No,6,2,Yes,Yes,2,1,0.3333,2,1,19,12,5,7,0.1667,0.1667,3.5,106.3,3.1667,9.5,2.6862,9.5,6,2.5,2.7161,2.7161,0.3333,1.9,3.9,2.9,4.9,3.9,3.9,2.9,3.9,3.9,3.9,2.9,3.9,3.9,,13,0.3333,,0.3333,1,,,,,,,
Isiah Pacheco,KC,RB,9,No,Yes,No,9,7,No,No,6,0.8571,0.7778,5,0.7143,31,50,4,-14,,0.1111,-2,80.1,3.4444,4.4286,-1.4268,6.2,10,0.8,12.584,12.584,0.7778,3.1,8.1,5.6,10.6,8.1,8.1,5.6,8.1,8.1,8.1,5.6,8.1,8.1,1,7,,1,0.8889,1,1,0.2,,,,,
Ben Sinnott,WAS,TE,8,No,No,No,6,,No,Yes,,,,,,,,,,0.6667,0.3333,,,,,,,,,,,,,,,,,,,,,,,,,,17,,,,,,,,,,,
Stefon Diggs,HST,WR,28,No,No,No,27,2,No,Yes,1,0.5,0.0741,1,0.5,1,4,4,2,0.037,0.5926,1,56.3,0.037,0.5,-5.1518,1,4,4,2.5715,2.5715,0.0714,0.1,1.1,0.6,1.1,1.1,1.1,0.6,1.1,1.1,1.1,0.6,1.1,1.1,,8,0.3704,,,,1,1,,,,,
Zay Jones,ARZ,WR,14,Yes,Yes,No,14,,No,No,,,,,,,,,,,0.0714,,,,,,,,,,,,,,,,,,,,,,,,,,11,0.9286,,,,,,,,,,
Brandon Aiyuk,SF,WR,13,No,No,No,12,,No,Yes,,,,,,,,,,,0.0833,,,,,,,,,,,,,,,,,,,,,,,,,,7,0.9167,,,,,,,,,,
Allen Lazard,NYJ,WR,31,Yes,Yes,No,29,,No,Yes,,,,,,,,,,0.069,0.3103,,,,,,,,,,,,,,,,,,,,,,,,,,12,0.6207,,,,,,,,,,
Andrei Iosivas,CIN,WR,42,No,Yes,No,42,1,Yes,Yes,1,1,0.0238,1,1,7,3,2,4,,0.4286,4,95.8,0.1667,7,0.9502,7,3,2,1.3165,1.3165,0.0238,0.7,1.7,1.2,1.7,1.7,1.7,1.2,1.7,1.7,1.7,1.2,1.7,1.7,,17,0.5714,,,,,,,,,,
Jeremy Ruckert,NYJ,TE,22,Yes,Yes,No,20,6,No,Yes,5,0.8333,0.3,4,0.6667,19,33,10,-17,0.8,0.05,-2.8333,70.8,0.95,3.1667,-2.545,4.75,8.25,2.5,8.6894,8.6894,0.2727,1.9,5.9,3.9,5.9,7.9,5.9,3.9,5.9,5.9,5.9,3.9,7.9,5.9,,17,0.1,,0.05,,,,1,0.1667,,,
Kalif Raymond,DET,WR,9,Yes,No,Yes,9,,No,Yes,,,,,,,,,,,0.2222,,,,,,,,,,,,,,,,,,,,,,,,,,12,0.7778,,,,,,,,,,
Darnell Mooney,ATL,WR,42,No,No,Yes,42,,No,Yes,,,,,,,,,,,0.3571,,,,,,,,,,,,,,,,,,,,,,,,,,16,0.6429,,,,,,,,,,
Chase Brown,CIN,RB,24,No,No,No,22,18,No,Yes,18,1,0.8182,15,0.8333,96,102,22,-6,0.0455,,-0.3333,88.9,4.3636,5.3333,-0.7102,6.4,6.8,1.4667,25.0762,25.0762,0.75,9.6,24.6,17.1,32.1,24.6,24.6,17.1,24.6,24.6,24.6,17.1,24.6,24.6,1,16,0.0455,,0.9091,6,2,0.1333,3,0.1667,,,
Najee Harris,PIT,RB,32,No,Yes,No,30,25,Yes,Yes,22,0.88,0.8333,19,0.76,85,101,35,-22,0.0333,,-0.88,79.6,2.8333,3.4,-2.5625,4.4737,5.3158,1.8421,36.4824,36.4824,0.7812,8.5,27.5,18,37,27.5,27.5,18,27.5,27.5,27.5,18,27.5,27.5,1,17,,3,0.9667,3,4,0.2105,3,0.12,,2,
Tanner Hudson,CIN,TE,8,No,Yes,No,8,3,Yes,Yes,3,1,0.375,3,1,27,28,7,-1,0.125,0.5,-0.3333,104.2,3.375,9,3.1586,9,9.3333,2.3333,4.6602,4.6602,0.375,2.7,5.7,4.2,5.7,7.2,5.7,4.2,5.7,5.7,5.7,4.2,7.2,5.7,,11,,,0.375,2,1,0.3333,,,,,
Curtis Samuel,BUF,WR,15,No,No,No,15,,No,Yes,,,,,,,,,,,0.2,,,,,,,,,,,,,,,,,,,,,,,,,,14,0.8,,,,,,,,,,
Drew Sample,CIN,TE,25,No,Yes,No,18,6,Yes,Yes,6,1,0.3333,6,1,32,35,11,-3,0.7778,,-0.5,88.9,1.7778,5.3333,-0.5561,5.3333,5.8333,1.8333,7.9153,7.9153,0.24,3.2,9.2,6.2,9.2,12.2,9.2,6.2,9.2,9.2,9.2,6.2,12.2,9.2,,17,,,0.2222,3,,,,,,,
Daniel Bellinger,NYG,TE,12,No,Yes,No,10,3,No,Yes,3,1,0.3,3,1,26,19,9,7,0.4,0.5,2.3333,102.8,2.6,8.6667,2.3127,8.6667,6.3333,3,4.2939,4.2939,0.25,2.6,5.6,4.1,5.6,7.1,5.6,4.1,5.6,5.6,5.6,4.1,7.1,5.6,,17,,,0.1,2,1,0.3333,,,,,
Devontez Walker,BLT,WR,2,No,No,Yes,2,,No,No,,,,,,,,,,,0.5,,,,,,,,,,,,,,,,,,,,,,,,,,7,0.5,,,,,,,,,,
Austin Ekeler,WAS,RB,17,No,No,No,17,16,No,Yes,13,0.8125,0.9412,12,0.75,101,121,31,-21,,0.1176,-1.3125,90.9,5.9412,6.3125,0.3629,8.4167,10.0833,2.5833,22.9123,22.9123,0.9412,10.1,22.1,16.1,28.1,22.1,25.1,19.1,22.1,22.1,22.1,16.1,22.1,22.1,1,12,0.0588,,0.8235,4,3,0.25,1,0.0625,,,
Jaheim Bell,NE,TE,1,No,No,No,1,,No,Yes,,,,,,,,,,1,,,,,,,,,,,,,,,,,,,,,,,,,,,13,,,,,,,,,,,
Dontayvion Wicks,GB,WR,21,No,No,No,21,1,No,Yes,1,1,0.0476,1,1,11,15,3,-4,,0.1905,-4,112.5,0.5238,11,6.5149,11,15,3,1.5915,1.5915,0.0476,1.1,2.1,1.6,2.1,2.1,2.1,1.6,2.1,2.1,2.1,1.6,2.1,2.1,,17,0.8095,,,1,2,2,,,,,
Dawson Knox,BUF,TE,25,No,No,No,22,1,No,No,,,0.0455,,,,,,-2,0.4091,0.4545,-2,39.6,,,-4.8511,,,,1.4591,1.4591,0.04,,,,,,,,,,,,,,,16,0.1364,,,,,,,,,,
Noah Brown,WAS,WR,17,No,Yes,No,17,1,No,Yes,1,1,0.0588,1,1,3,4,2,-1,,0.0588,-1,79.2,0.1765,3,-3.1699,3,4,2,1.3463,1.3463,0.0588,0.3,1.3,0.8,1.3,1.3,1.3,0.8,1.3,1.3,1.3,0.8,1.3,1.3,,11,0.9412,,,,,,,,,,
Jalen Reagor,LAC,WR,12,No,Yes,Yes,12,1,Yes,Yes,1,1,0.0833,1,1,11,16,1,-5,,0.5,-5,112.5,0.9167,11,6.8404,11,16,1,1.5231,1.5231,0.0833,1.1,2.1,1.6,2.1,2.1,2.1,1.6,2.1,2.1,2.1,1.6,2.1,2.1,,8,0.5,,,1,,,,,,,
Trey McBride,ARZ,TE,54,Yes,Yes,No,53,5,No,No,4,0.8,0.0943,4,0.8,37,25,4,12,0.3962,0.5472,2.4,97.5,0.6981,7.4,1.3624,9.25,6.25,1,6.8376,6.8376,0.0926,3.7,7.7,5.7,7.7,9.7,7.7,5.7,7.7,7.7,7.7,5.7,9.7,7.7,,16,0.0566,,,2,,,,,,,
Patrick Taylor,SF,RB,4,Yes,Yes,No,4,4,No,No,3,0.75,1,2,0.5,13,12,2,5,,,1.25,57.3,3.25,3.25,-3.1242,6.5,6,1,5.3176,5.3176,1,1.3,3.3,2.3,4.3,3.3,3.3,2.3,3.3,3.3,3.3,2.3,3.3,3.3,,9,,,1,1,,,1,0.25,,,
Carson Steele,KC,RB,8,Yes,No,No,8,5,No,Yes,3,0.6,0.625,3,0.6,10,13,4,-5,,,-1,64.6,1.25,2,-3.9032,3.3333,4.3333,1.3333,7.4091,7.4091,0.625,1,4,2.5,5.5,4,4,2.5,4,4,4,2.5,4,4,1,16,,,1,,3,1,,,,,
John Bates,WAS,TE,10,No,No,No,8,1,No,Yes,,,0.125,,,,,,-3,0.875,0.125,-3,39.6,,,-5.8652,,,,1.6139,1.6139,0.1,,,,,,,,,,,,,,,17,,,,,,,,,,,
Kyren Williams,LA,RB,25,No,Yes,No,25,21,No,Yes,20,0.9524,0.84,20,0.9524,123,122,38,5,,,0.2381,91.1,4.92,5.8571,-0.2989,6.15,6.1,1.9,37.0516,37.0516,0.84,12.3,32.3,22.3,42.3,32.3,35.3,25.3,32.3,32.3,32.3,22.3,32.3,32.3,3,16,0.04,,0.96,4,3,0.15,,,,,
Trey Palmer,TB,WR,19,Yes,Yes,No,19,1,No,Yes,1,1,0.0526,1,1,3,6,1,-3,,0.4737,-3,79.2,0.1579,3,-1.9408,3,6,1,1.858,1.858,0.0526,0.3,1.3,0.8,1.3,1.3,1.3,0.8,1.3,1.3,1.3,0.8,1.3,1.3,,15,0.5263,,,,,,,,,,
Tucker Kraft,GB,TE,36,No,No,No,33,8,No,Yes,7,0.875,0.2424,7,0.875,65,51,17,14,0.6061,0.3636,1.75,100.5,1.9697,8.125,2.371,9.2857,7.2857,2.4286,12.5501,12.5501,0.2222,5.5,12.5,9,12.5,16,12.5,8,11.5,11.5,11.5,8,16,11.5,2,17,0.0303,,,2,,,,,,,
Payne Durham,TB,TE,17,Yes,Yes,No,12,,No,Yes,,,,,,,,,,0.75,0.25,,,,,,,,,,,,,,,,,,,,,,,,,,16,,,,,,,,,,,
Will Shipley,PHI,RB,2,No,Yes,No,2,2,No,Yes,2,1,1,2,1,18,22,3,-4,,,-2,104.2,9,9,3.258,9,11,1.5,2.3622,2.3622,1,1.8,3.8,2.8,4.8,3.8,3.8,2.8,3.8,3.8,3.8,2.8,3.8,3.8,,13,,,1,1,1,0.5,,,,,
Raheem Mostert,MIA,RB,11,Yes,Yes,No,9,8,No,Yes,8,1,0.8889,7,0.875,45,53,15,-6,,0.3333,-0.75,90.1,5,5.625,-0.3412,6.4286,7.5714,2.1429,13.5938,13.5938,0.7273,4.5,11.5,8,15,11.5,11.5,8,11.5,11.5,11.5,8,11.5,11.5,2,13,,,0.6667,3,,,1,0.125,,,
Jalen Coker,CAR,WR,23,No,Yes,No,22,,No,Yes,,,,,,,,,,,0.5909,,,,,,,,,,,,,,,,,,,,,,,,,,11,0.4091,,,,,,,,,,
Marvin Mims,DEN,WR,20,Yes,No,No,19,2,No,Yes,2,1,0.1053,2,1,8,11,6,-3,0.0526,0.3158,-1.5,83.3,0.4211,4,-0.747,4,5.5,3,4.6557,4.6557,0.1,0.8,2.8,1.8,2.8,2.8,2.8,1.8,2.8,2.8,2.8,1.8,2.8,2.8,,17,0.5789,,0.0526,1,,,,,,,
Dallas Goedert,PHI,TE,16,No,Yes,No,16,4,No,Yes,3,0.75,0.25,3,0.75,,6,5,-2,0.5,0.1875,-0.5,77.1,,,-5.5515,,2,1.6667,6.2129,6.2129,0.25,,3,1.5,3,4.5,3,1.5,3,3,3,1.5,4.5,3,,10,0.3125,,,,,,,,,,
Roschon Johnson,CHI,RB,13,No,No,No,12,12,No,Yes,11,0.9167,1,10,0.8333,69,51,19,15,,,1.25,90.6,5.75,5.75,-0.5471,6.9,5.1,1.9,20.1507,20.1507,0.9231,6.9,16.9,11.9,21.9,16.9,16.9,11.9,16.9,16.9,16.9,11.9,16.9,16.9,2,13,,1,1,3,3,0.3,,,,,
Cedric Tillman,CLV,WR,12,No,Yes,No,12,,No,Yes,,,,,,,,,,,0.25,,,,,,,,,,,,,,,,,,,,,,,,,,11,0.75,,,,,,,,,,
Calvin Ridley,TEN,WR,35,No,Yes,No,35,,No,No,,,,,,,,,,,0.1714,,,,,,,,,,,,,,,,,,,,,,,,,,17,0.8286,,,,,,,,,,
Terry McLaurin,WAS,WR,33,No,No,No,33,,No,Yes,,,,,,,,,,,0.1212,,,,,,,,,,,,,,,,,,,,,,,,,,17,0.8788,,,,,,,,,,
Ainias Smith,PHI,WR,5,No,Yes,No,5,,No,Yes,,,,,,,,,,,0.8,,,,,,,,,1.8147,1.8147,,,,,,,,,,,,,,,,7,0.2,,,,,,,,,,
Chris Godwin,TB,WR,14,No,No,No,12,,No,No,,,,,,,,,,,0.6667,,,,,,,,,,,,,,,,,,,,,,,,,,7,0.3333,,,,,,,,,,
Kyle Pitts,ATL,TE,32,No,Yes,No,30,8,No,Yes,8,1,0.2667,7,0.875,33,17,13,21,0.5,0.2667,2.625,83.9,1.1,4.125,-2.093,4.7143,2.4286,1.8571,11.5442,11.5442,0.25,3.3,10.3,6.8,10.3,13.8,10.3,6.8,10.3,10.3,10.3,6.8,13.8,10.3,,17,0.2333,2,,,2,0.2857,,,,1,
Dante Pettis,NO,WR,5,Yes,Yes,No,5,,No,Yes,,,,,,,,,,,0.2,,,,,,,,,,,,,,,,,,,,,,,,,,8,0.8,,,,,,,,,,
Brevin Jordan,HST,TE,4,Yes,No,No,3,1,No,Yes,1,1,0.3333,1,1,3,3,1,,1,,,79.2,1,3,-2.289,3,3,1,1.5297,1.5297,0.25,0.3,1.3,0.8,1.3,1.8,1.3,0.8,1.3,1.3,1.3,0.8,1.8,1.3,,2,,,,1,,,,,,,
Jayden Reed,GB,WR,26,No,No,No,26,1,No,Yes,1,1,0.0385,1,1,3,10,3,-7,,0.6923,-7,79.2,0.1154,3,0.4595,3,10,3,1.2343,1.2343,0.0385,0.3,1.3,0.8,1.3,1.3,1.3,0.8,1.3,1.3,1.3,0.8,1.3,1.3,,17,0.3077,,,,,,,,,,
Mike Boone,CAR,RB,2,No,Yes,No,2,2,No,Yes,1,0.5,1,,,,,,-10,,0.5,-5,39.6,,,-5.3296,,,,2.7262,2.7262,1,,,,,,,,,,,,,,,5,,,0.5,,,,1,0.5,,,
Will Mallory,IND,TE,8,No,Yes,No,8,,No,Yes,,,,,,,,,,0.125,0.875,,,,,,,,,,,,,,,,,,,,,,,,,,10,,,,,,,,,,,
Olamide Zaccheaus,WAS,WR,14,No,No,No,14,,No,Yes,,,,,,,,,,,0.5,,,,,,,,,,,,,,,,,,,,,,,,,,17,0.5,,,,,,,,,,
Bo Melton,GB,WR,11,No,No,No,11,,No,Yes,,,,,,,,,,,0.2727,,,,,,,,,,,,,,,,,,,,,,,,,,17,0.7273,,,,,,,,,,
Irvin Charles,NYJ,WR,1,No,No,Yes,1,,No,Yes,,,,,,,,,,,1,,,,,,,,,,,,,,,,,,,,,,,,,,10,,,,,,,,,,,
Alec Pierce,IND,WR,26,No,Yes,No,26,,No,Yes,,,,,,,,,,,0.1154,,,,,,,,,,,,,,,,,,,,,,,,,,16,0.8846,,,,,,,,,,
Drake London,ATL,WR,44,No,Yes,No,44,,No,Yes,,,,,,,,,,,0.2955,,,,,,,,,,,,,,,,,,,,,,,,,,17,0.7045,,,,,,,,,,
Jalen Tolbert,DAL,WR,35,No,No,No,35,2,No,Yes,2,1,0.0571,2,1,19,15,5,4,,0.1143,2,106.3,0.5429,9.5,4.1656,9.5,7.5,2.5,4.19,4.19,0.0571,1.9,3.9,2.9,3.9,3.9,3.9,2.9,3.9,3.9,3.9,2.9,3.9,3.9,,17,0.8857,,,1,,,,,,,
Bub Means,NO,WR,12,No,Yes,No,11,,No,Yes,,,,,,,,,,,0.2727,,,,,,,,,,,,,,,,,,,,,,,,,,7,0.7273,,,,,,,,,,
Khalil Shakir,BUF,WR,26,No,No,No,26,2,No,No,2,1,0.0769,2,1,18,32,6,-14,,0.8077,-7,104.2,0.6923,9,6.4595,9,16,3,2.7813,2.7813,0.0769,1.8,3.8,2.8,3.8,3.8,3.8,2.8,3.8,3.8,3.8,2.8,3.8,3.8,1,15,0.1538,,0.0385,1,1,0.5,,,,,
Sterling Shepard,TB,WR,21,Yes,Yes,No,21,,No,Yes,,,,,,,,,,,0.4286,,,,,,,,,,,,,,,,,,,,,,,,,,14,0.5714,,,,,,,,,,
Christian McCaffrey,SF,RB,4,No,No,No,4,4,No,Yes,3,0.75,1,3,0.75,21,7,4,16,,,4,86.5,5.25,5.25,-1.6068,7,2.3333,1.3333,5.6028,5.6028,1,2.1,5.1,3.6,6.6,5.1,5.1,3.6,5.1,5.1,5.1,3.6,5.1,5.1,,4,,,1,,1,0.3333,,,,,
Robert Woods,HST,WR,14,No,Yes,No,14,1,No,No,1,1,0.0714,1,1,17,16,,1,,0.3571,1,118.8,1.2143,17,11.8789,17,16,,1.4841,1.4841,0.0714,1.7,2.7,2.2,2.7,2.7,2.7,2.2,2.7,2.7,2.7,2.2,2.7,2.7,,15,0.6429,,,1,,,,,,,
Sam LaPorta,DET,TE,33,Yes,No,Yes,28,2,No,Yes,2,1,0.0714,2,1,17,13,4,4,0.75,0.1429,2,102.1,0.6071,8.5,2.4514,8.5,6.5,2,2.9894,2.9894,0.0606,1.7,3.7,2.7,3.7,4.7,3.7,2.7,3.7,3.7,3.7,2.7,4.7,3.7,1,16,0.0714,,0.0357,1,,,,,,,
Jaxon Smith-Njigba,SEA,WR,46,Yes,Yes,Yes,46,1,No,Yes,1,1,0.0217,1,1,9,13,3,-4,,0.8261,-4,104.2,0.1957,9,4.5149,9,13,3,1.5723,1.5723,0.0217,0.9,1.9,1.4,1.9,1.9,1.9,1.4,1.9,1.9,1.9,1.4,1.9,1.9,,17,0.1739,,,,,,,,,,
D'Wayne Eskridge,MIA,WR,1,No,No,No,1,,No,Yes,,,,,,,,,,,,,,,,,,,,,,,,,,,,,,,,,,,,,6,1,,,,,,,,,,
Grant Calcaterra,PHI,TE,24,No,Yes,No,24,2,No,Yes,2,1,0.0833,2,1,11,6,2,5,0.375,0.5,2.5,89.6,0.4583,5.5,-0.846,5.5,3,1,2.7353,2.7353,0.0833,1.1,3.1,2.1,3.1,4.1,3.1,2.1,3.1,3.1,3.1,2.1,4.1,3.1,,17,0.125,,,,,,,,,,
Dante Miller,NYG,RB,1,No,No,No,1,,No,Yes,,,,,,,,,,,,,,,,,,,,,,,,,,,,,,,,,,,,,2,,,1,,,,,,,,
Rashod Bateman,BLT,WR,23,No,No,Yes,23,,No,No,,,,,,,,,,,0.1739,,,,,,,,,,,,,,,,,,,,,,,,,,17,0.8261,,,,,,,,,,
Scott Miller,PIT,WR,14,No,Yes,No,14,,No,No,,,,,,,,,,,0.2857,,,,,,,,,,,,,,,,,,,,,,,,,,13,0.7143,,,,,,,,,,
Jaylen Waddle,MIA,WR,36,Yes,Yes,No,33,,No,Yes,,,,,,-23,,,,,0.2424,,,-0.697,,,,,,,,,-2.3,-2.3,-2.3,-2.3,-2.3,-2.3,-2.3,-2.3,-2.3,-2.3,-2.3,-2.3,-2.3,,15,0.7576,,,,,,,,,,
Tee Higgins,CIN,WR,32,No,Yes,No,32,,Yes,Yes,,,,,,,,,,,0.25,,,,,,,,,,,,,,,,,,,,,,,,,,12,0.75,,,,,,,,,,
Josh Jacobs,GB,RB,26,No,No,No,23,18,No,Yes,15,0.8333,0.7826,15,0.8333,161,173,72,-17,,,-0.9444,103.9,7,8.9444,3.0478,10.7333,11.5333,4.8,25.0307,25.0307,0.6923,16.1,31.1,23.6,38.6,31.1,34.1,26.6,31.1,31.1,31.1,23.6,31.1,31.1,,17,,,1,4,8,0.5333,,,,,
Cade Stover,HST,TE,16,No,Yes,No,15,4,No,No,4,1,0.2667,4,1,9,10,4,-1,0.8,0.0667,-0.25,79.2,0.6,2.25,-4.0153,2.25,2.5,1,6.305,6.305,0.25,0.9,4.9,2.9,4.9,6.9,4.9,2.9,4.9,4.9,4.9,2.9,6.9,4.9,1,15,0.1333,,,,,,,,,,
Jerome Ford,CLV,RB,23,No,No,No,21,13,No,Yes,11,0.8462,0.619,11,0.8462,59,77,21,-10,0.4286,,-0.7692,85.6,2.8095,4.5385,-1.451,5.3636,7,1.9091,18.5703,18.5703,0.5652,5.9,16.9,11.4,22.4,16.9,16.9,11.4,16.9,16.9,16.9,11.4,16.9,16.9,,14,,,0.5714,2,7,0.6364,,,,,
George Pickens,PIT,WR,44,No,Yes,No,44,,Yes,Yes,,,,,,,,,,,0.1364,,,,,,,,,,,,,,,,,,,,,,,,,,14,0.8636,,,,,,,,,,
Jeremy McNichols,WAS,RB,12,No,No,No,12,5,No,Yes,5,1,0.4167,5,1,18,24,2,-6,,0.25,-1.2,81.7,1.5,3.6,-2.2377,3.6,4.8,0.4,7.7391,7.7391,0.4167,1.8,6.8,4.3,9.3,6.8,6.8,4.3,6.8,6.8,6.8,4.3,6.8,6.8,2,17,,,0.75,,,,,,,,
Jermaine Burton,CIN,WR,5,No,No,No,5,,No,Yes,,,,,,,,,,,0.2,,,,,,,,,,,,,,,,,,,,,,,,,,14,0.8,,,,,,,,,,
Jordan Matthews,CAR,TE,1,No,Yes,No,1,,No,Yes,,,,,,,,,,,1,,,,,,,,,,,,,,,,,,,,,,,,,,3,,,,,,,,,,,
Rico Dowdle,DAL,RB,19,No,No,No,17,16,No,Yes,12,0.75,0.9412,12,0.75,89,85,27,6,,0.1176,0.375,87.8,5.2353,5.5625,-0.5773,7.4167,7.0833,2.25,23.3958,23.3958,0.8421,8.9,20.9,14.9,26.9,20.9,20.9,14.9,20.9,20.9,20.9,14.9,20.9,20.9,,16,,1,0.8824,2,3,0.25,,,,1,
Ricky Pearsall,SF,WR,12,Yes,Yes,No,12,,No,No,,,,,,,,,,,0.75,,,,,,,,,,,,,,,,,,,,,,,,,,11,0.25,,,,,,,,,,
Pharaoh Brown,SEA,TE,7,Yes,Yes,Yes,5,,No,Yes,,,,,,,,,,0.8,0.2,,,,,,,,,,,,,,,,,,,,,,,,,,15,,,,,,,,,,,
Chris Olave,NO,WR,18,No,Yes,No,18,,No,Yes,,,,,,,,,,,0.1667,,,,,,,,,,,,,,,,,,,,,,,,,,8,0.8333,,,,,,,,,,
Trey Benson,ARZ,RB,7,No,Yes,No,5,4,No,Yes,4,1,0.8,4,1,35,47,9,-12,,,-3,103.1,7,8.75,2.7193,8.75,11.75,2.25,5.4559,5.4559,0.5714,3.5,7.5,5.5,9.5,7.5,7.5,5.5,7.5,7.5,7.5,5.5,7.5,7.5,,13,0.4,,0.6,2,2,0.5,,,,,
Roman Wilson,PIT,WR,1,No,Yes,No,1,,No,Yes,,,,,,,,,,,,,,,,,,,,,,,,,,,,,,,,,,,,,1,1,,,,,,,,,,
Ben Skowronek,PIT,WR,4,No,Yes,No,4,,Yes,Yes,,,,,,,,,,,0.75,,,,,,,,,,,,,,,,,,,,,,,,,,9,0.25,,,,,,,,,,
Zach Davidson,BUF,TE,1,No,No,No,1,,No,No,,,,,,,,,,,1,,,,,,,,,,,,,,,,,,,,,,,,,,3,,,,,,,,,,,
Julius Chestnut,TEN,RB,2,No,Yes,No,2,1,No,No,1,1,0.5,1,1,9,12,3,-3,,,-3,104.2,4.5,9,2.8809,9,12,3,1.195,1.195,0.5,0.9,1.9,1.4,2.4,1.9,1.9,1.4,1.9,1.9,1.9,1.4,1.9,1.9,,14,,,1,,,,,,,,
Wan'Dale Robinson,NYG,WR,27,No,Yes,No,27,1,No,Yes,1,1,0.037,1,1,-1,4,2,-5,,0.7407,-5,79.2,-0.037,-1,-5.1596,-1,4,2,1.3848,1.3848,0.037,-0.1,0.9,0.4,0.9,0.9,0.9,0.4,0.9,0.9,0.9,0.4,0.9,0.9,,17,0.2222,,0.037,,,,,,,,
D'Onta Foreman,CLV,RB,10,No,No,Yes,6,4,No,No,3,0.75,0.6667,2,0.5,14,9,2,-2,,0.1667,-0.5,58.3,2.3333,3.5,-2.315,7,4.5,1,6.6547,6.6547,0.4,1.4,3.4,2.4,4.4,3.4,3.4,2.4,3.4,3.4,3.4,2.4,3.4,3.4,,11,,,0.8333,,,,1,0.25,,,
Deebo Samuel,SF,WR,21,No,No,No,20,,No,No,,,,,,,,,,,0.4,,,,,,,,,,,,,,,,,,,,,,,,,,15,0.6,,,,,,,,,,
Devin Duvernay,JAX,WR,6,No,Yes,No,6,,No,Yes,,,,,,,,,,,0.5,,,,,,,,,,,,,,,,,,,,,,,,,,13,0.5,,,,,,,,,,
Mike Gesicki,CIN,TE,33,No,Yes,No,33,1,Yes,Yes,1,1,0.0303,1,1,12,9,1,3,0.1212,0.697,3,116.7,0.3636,12,5.6782,12,9,1,1.3604,1.3604,0.0303,1.2,2.2,1.7,2.2,2.7,2.2,1.7,2.2,2.2,2.2,1.7,2.7,2.2,,17,0.1818,,,1,,,,,,,
Nikko Remigio,KC,WR,1,Yes,No,No,1,,No,Yes,,,,,,,,,,,,,,,,,,,,,,,,,,,,,,,,,,,,,5,1,,,,,,,,,,
Ryan Flournoy,DAL,WR,6,No,No,No,6,,No,Yes,,,,,,,,,,,,,,,,,,,,,,,,,,,,,,,,,,,,,11,1,,,,,,,,,,
Dalvin Cook,DAL,RB,2,No,Yes,No,1,,No,No,,,,,,,,,,,1,,,,,,,,,,,,,,,,,,,,,,,,,,2,,,,,,,,,,,
Hayden Hurst,LAC,TE,7,No,No,No,7,,No,No,,,,,,,,,,0.1429,0.5714,,,,,,,,,,,,,,,,,,,,,,,,,,9,0.2857,,,,,,,,,,
Clyde Edwards-Helaire,NO,RB,1,Yes,Yes,No,1,1,No,Yes,1,1,1,1,1,8,15,2,-7,,,-7,100,8,8,3.4713,8,15,2,1.2479,1.2479,1,0.8,1.8,1.3,2.3,1.8,1.8,1.3,1.8,1.8,1.8,1.3,1.8,1.8,,2,,,1,,1,1,,,,,
Zack Moss,CIN,RB,20,No,No,No,20,16,No,Yes,16,1,0.8,14,0.875,113,120,45,-3,0.05,,-0.1875,96.1,5.65,7.0625,1.0368,8.0714,8.5714,3.2143,22.7776,22.7776,0.8,11.3,25.3,18.3,32.3,25.3,28.3,21.3,25.3,25.3,25.3,18.3,25.3,25.3,,8,0.05,1,0.9,5,1,0.0714,1,0.0625,,,
Tyreek Hill,MIA,WR,46,Yes,Yes,No,45,2,No,Yes,2,1,0.0444,2,1,6,9,2,-3,,0.3778,-1.5,79.2,0.1333,3,-2.8345,3,4.5,1,2.9956,2.9956,0.0435,0.6,2.6,1.6,2.6,2.6,2.6,1.6,2.6,2.6,2.6,1.6,2.6,2.6,,17,0.6222,,,1,,,,,,,
Demarcus Robinson,LA,WR,28,Yes,Yes,Yes,28,,No,Yes,,,,,,,,,,,0.1786,,,,,,,,,,,,,,,,,,,,,,,,,,17,0.8214,,,,,,,,,,
Travis Kelce,KC,TE,37,No,Yes,No,37,5,No,No,5,1,0.1351,5,1,19,17,5,2,0.4324,0.3514,0.4,82.5,0.5135,3.8,-2.1339,3.8,3.4,1,8.2476,8.2476,0.1351,1.9,6.9,4.4,6.9,9.4,6.9,4.4,6.9,6.9,6.9,4.4,9.4,6.9,,16,0.2162,,,,,,,,,,
Cole Kmet,CHI,TE,29,No,No,No,25,1,No,Yes,1,1,0.04,1,1,3,1,,2,0.28,0.52,2,79.2,0.12,3,-3.3701,3,1,,1.4126,1.4126,0.0345,0.3,1.3,0.8,1.3,1.8,1.3,0.8,1.3,1.3,1.3,0.8,1.8,1.3,,17,0.04,,0.16,,,,,,,,
Brenton Strange,JAX,TE,26,No,Yes,No,23,,No,Yes,,,,,,,,,,0.5217,0.3478,,,,,,,,,1.4959,1.4959,,,,,,,,,,,,,,,,17,0.087,,0.0435,,,,,,,,
Rhamondre Stevenson,NE,RB,23,No,Yes,Yes,19,16,No,Yes,16,1,0.8421,15,0.9375,66,112,25,-51,,,-3.1875,83.9,3.4737,4.125,-1.5763,4.4,7.4667,1.6667,29.7792,29.7792,0.6957,6.6,21.6,14.1,29.1,21.6,21.6,14.1,21.6,21.6,21.6,14.1,21.6,21.6,4,15,0.0526,,0.9474,3,4,0.2667,1,0.0625,,,
Kylen Granson,IND,TE,10,No,Yes,No,9,,No,Yes,,,,,,,,,,0.5556,0.4444,,,,,,,,,,,,,,,,,,,,,,,,,,17,,,,,,,,,,,
John Ross,PHI,WR,1,No,No,No,1,,No,Yes,,,,,,,,,,,,,,,,,,,,,,,,,,,,,,,,,,,,,1,1,,,,,,,,,,
Devin Thompkins,CAR,WR,3,No,No,Yes,3,,No,Yes,,,,,,,,,,,1,,,,,,,,,,,,,,,,,,,,,,,,,,7,,,,,,,,,,,
Terrace Marshall,LV,WR,6,No,No,No,6,,No,No,,,,,,,,,,,0.3333,,,,,,,,,,,,,,,,,,,,,,,,,,7,0.6667,,,,,,,,,,
Mike Williams,PIT,WR,25,No,Yes,No,24,,Yes,Yes,,,,,,,,,,,0.2083,,,,,,,,,,,,,,,,,,,,,,,,,,18,0.7917,,,,,,,,,,
Derius Davis,LAC,WR,7,No,No,No,7,4,No,No,4,1,0.5714,4,1,24,50,12,-26,,0.8571,-6.5,91.7,3.4286,6,2.673,6,12.5,3,6.0586,6.0586,0.5714,2.4,6.4,4.4,6.4,6.4,6.4,4.4,6.4,6.4,6.4,4.4,6.4,6.4,,15,0.1429,,,1,2,0.5,,,,,
Kimani Vidal,LAC,RB,5,No,No,No,5,3,No,No,3,1,0.6,2,0.6667,12,10,3,4,,0.2,1.3333,74.3,2.4,4,-2.241,6,5,1.5,6.0611,6.0611,0.6,1.2,3.2,2.2,4.2,3.2,3.2,2.2,3.2,3.2,3.2,2.2,3.2,3.2,,10,,1,0.8,,,,,,,,
Mason Tipton,NO,WR,32,No,No,No,32,1,No,Yes,1,1,0.0312,1,1,6,5,1,1,,0.4062,1,91.7,0.1875,6,0.8789,6,5,1,1.3977,1.3977,0.0312,0.6,1.6,1.1,1.6,1.6,1.6,1.1,1.6,1.6,1.6,1.1,1.6,1.6,,11,0.5625,,0.0312,,,,,,,,
Isaac Guerendo,SF,RB,5,Yes,Yes,No,5,3,No,No,3,1,0.6,3,1,38,38,10,,,,,118.8,7.6,12.6667,6.4083,12.6667,12.6667,3.3333,4.4021,4.4021,0.6,3.8,6.8,5.3,8.3,6.8,6.8,5.3,6.8,6.8,6.8,5.3,6.8,6.8,,16,,,1,2,,,,,,,
Jalin Hyatt,NYG,WR,15,No,Yes,No,15,,No,Yes,,,,,,,,,,,,,,,,,,,,,,,,,,,,,,,,,,,,,16,1,,,,,,,,,,
David Njoku,CLV,TE,18,No,Yes,Yes,18,6,No,Yes,6,1,0.3333,5,0.8333,9,6,2,6,0.7222,0.2222,1,79.2,0.5,1.5,-4.0867,1.8,1.2,0.4,8.9507,8.9507,0.3333,0.9,5.9,3.4,5.9,8.4,5.9,3.4,5.9,5.9,5.9,3.4,8.4,5.9,,11,0.0556,,,,,,1,0.1667,,,
Brock Bowers,LV,TE,48,No,No,No,47,5,No,No,3,0.6,0.1064,3,0.6,24,19,2,6,0.1702,0.5319,1.2,72.1,0.5106,4.8,-0.8391,8,6.3333,0.6667,6.9385,6.9385,0.1042,2.4,5.4,3.9,5.4,6.9,5.4,3.9,5.4,5.4,5.4,3.9,6.9,5.4,,17,0.2766,,0.0213,,,,,,,,
Jamaal Williams,NO,RB,10,Yes,Yes,No,8,6,No,Yes,6,1,0.75,6,1,47,40,12,7,,0.125,1.1667,99.3,5.875,7.8333,1.5926,7.8333,6.6667,2,8.1219,8.1219,0.6,4.7,10.7,7.7,13.7,10.7,10.7,7.7,10.7,10.7,10.7,7.7,10.7,10.7,,14,,,0.875,3,,,,,,,
Kenny Yeboah,NYJ,TE,4,Yes,Yes,No,4,1,No,Yes,1,1,0.25,1,1,7,6,1,1,1,,1,95.8,1.75,7,1.2246,7,6,1,1.3977,1.3977,0.25,0.7,1.7,1.2,1.7,2.2,1.7,1.2,1.7,1.7,1.7,1.2,2.2,1.7,,9,,,,,,,,,,,
A.J. Brown,PHI,WR,23,Yes,Yes,No,23,,No,Yes,,,,,,,,,,,0.2609,,,,,,,,,,,,,,,,,,,,,,,,,,13,0.7391,,,,,,,,,,
Luke McCaffrey,WAS,WR,13,No,No,No,13,3,No,Yes,3,1,0.2308,3,1,14,16,6,-2,,0.8462,-0.6667,86.1,1.0769,4.6667,-0.205,4.6667,5.3333,2,4.3443,4.3443,0.2308,1.4,4.4,2.9,4.4,4.4,4.4,2.9,4.4,4.4,4.4,2.9,4.4,4.4,,17,0.1538,,,,1,0.3333,,,,,
Brock Wright,DET,TE,21,Yes,No,Yes,18,1,No,Yes,1,1,0.0556,1,1,10,5,2,5,0.8333,0.0556,5,108.3,0.5556,10,3.52,10,5,2,1.4352,1.4352,0.0476,1,2,1.5,2,2.5,2,1.5,2,2,2,1.5,2.5,2,,17,0.0556,,0.0556,1,,,,,,,
Brandin Cooks,DAL,WR,19,No,No,No,19,,No,Yes,,,,,,,,,,,0.2105,,,,,,,,,,,,,,,,,,,,,,,,,,10,0.7895,,,,,,,,,,
Greg Dulcich,NYG,TE,10,No,Yes,No,8,,No,Yes,,,,,,,,,,0.5,0.25,,,,,,,,,1.6115,1.6115,,,,,,,,,,,,,,,,9,0.25,,,,,,,,,,
Ryan Miller,TB,WR,11,Yes,Yes,No,11,,No,Yes,,,,,,,,,,,0.4545,,,,,,,,,,,,,,,,,,,,,,,,,,11,0.5455,,,,,,,,,,
Justin Jefferson,MIN,WR,29,Yes,No,Yes,28,3,No,Yes,3,1,0.1071,3,1,13,23,,-10,,0.3214,-3.3333,84.7,0.4643,4.3333,-0.4556,4.3333,7.6667,,4.6015,4.6015,0.1034,1.3,4.3,2.8,4.3,4.3,4.3,2.8,4.3,4.3,4.3,2.8,4.3,4.3,1,17,0.6786,,,,,,,,,,
Rashid Shaheed,NO,WR,24,No,No,No,24,,No,Yes,,,,,,,,,,,0.1667,,,,,,,,,,,,,,,,,,,,,,,,,,6,0.8333,,,,,,,,,,
Xavier Legette,CAR,WR,36,No,Yes,No,35,1,No,Yes,1,1,0.0286,1,1,-3,,,-3,,0.4,-3,79.2,-0.0857,-3,-7.9408,-3,,,2.2389,2.2389,0.0278,-0.3,0.7,0.2,0.7,0.7,0.7,0.2,0.7,0.7,0.7,0.2,0.7,0.7,1,16,0.6,,,,,,,,,,
Johnny Mundt,MIN,TE,13,Yes,No,Yes,12,5,No,Yes,4,0.8,0.4167,4,0.8,18,14,7,3,0.5833,0.25,0.6,81.7,1.5,3.6,-1.8594,4.5,3.5,1.75,6.7801,6.7801,0.3846,1.8,5.8,3.8,5.8,7.8,5.8,3.8,5.8,5.8,5.8,3.8,7.8,5.8,1,17,0.1667,,,,1,0.25,,,,,
Durham Smythe,MIA,TE,12,Yes,Yes,No,6,,No,Yes,,,,,,,,,,0.5,0.1667,,,,,,,,,,,,,,,,,,,,,,,,,,17,0.3333,,,,,,,,,,
Kendric Pryor,CIN,WR,1,No,Yes,No,1,,Yes,Yes,,,,,,,,,,,,,,,,,,,,,,,,,,,,,,,,,,,,,2,1,,,,,,,,,,
Alex Bachman,LV,WR,1,Yes,No,No,1,,No,Yes,,,,,,,,,,,,,,,,,,,,,,,,,,,,,,,,,,,,,5,1,,,,,,,,,,
Tony Pollard,TEN,RB,25,No,Yes,No,21,17,No,No,13,0.7647,0.8095,10,0.5882,30,41,13,-23,0.0476,0.0952,-1.3529,63.6,1.4286,1.7647,-4.1646,3,4.1,1.3,28.1393,28.1393,0.68,3,13,8,18,13,13,8,13,13,13,8,13,13,,16,,,0.8571,1,,,3,0.1765,,,
Romeo Doubs,GB,WR,22,No,Yes,No,22,,No,Yes,,,,,,,,,,,0.1364,,,,,,,,,,,,,,,,,,,,,,,,,,13,0.8636,,,,,,,,,,
Ray Davis,BUF,RB,7,No,No,No,7,6,No,Yes,6,1,0.8571,6,1,32,47,14,-15,,,-2.5,88.9,4.5714,5.3333,-0.2409,5.3333,7.8333,2.3333,8.6851,8.6851,0.8571,3.2,9.2,6.2,12.2,9.2,9.2,6.2,9.2,9.2,9.2,6.2,9.2,9.2,,17,,,1,2,,,,,,,
JuJu Smith-Schuster,KC,WR,16,Yes,No,No,16,,No,Yes,,,,,,,,,,0.0625,0.3125,,,,,,,,,,,,,,,,,,,,,,,,,,14,0.625,,,,,,,,,,
Ladd McConkey,LAC,WR,31,No,No,No,31,,No,No,,,,,,,,,,,0.6129,,,,,,,,,,,,,,,,,,,,,,,,,,16,0.3871,,,,,,,,,,
Brenden Rice,LAC,WR,1,No,Yes,No,1,,No,Yes,,,,,,,,,,,,,,,,,,,,,,,,,,,,,,,,,,,,,2,1,,,,,,,,,,
Chig Okonkwo,TEN,TE,26,No,Yes,No,24,3,No,No,3,1,0.125,3,1,13,21,11,-8,0.5,0.375,-2.6667,84.7,0.5417,4.3333,-1.4413,4.3333,7,3.6667,5.0097,5.0097,0.1154,1.3,4.3,2.8,4.3,5.8,4.3,2.8,4.3,4.3,4.3,2.8,5.8,4.3,,17,0.0833,,0.0417,2,3,1,,,,,
Gerald Everett,CHI,TE,11,No,No,No,8,2,No,Yes,2,1,0.25,2,1,11,12,4,-1,0.625,0.25,-0.5,89.6,1.375,5.5,-0.6176,5.5,6,2,2.641,2.641,0.1818,1.1,3.1,2.1,3.1,4.1,3.1,2.1,3.1,3.1,3.1,2.1,4.1,3.1,,17,,,0.125,,,,,,,,
Lucas Krull,DEN,TE,27,Yes,No,No,27,2,No,Yes,2,1,0.0741,2,1,13,12,3,1,0.6667,0.2593,0.5,93.8,0.4815,6.5,0.8643,6.5,6,1.5,2.5605,2.5605,0.0741,1.3,3.3,2.3,3.3,4.3,3.3,2.3,3.3,3.3,3.3,2.3,4.3,3.3,,13,0.0741,,,,,,,,,,
Tyler Johnson,LA,WR,13,Yes,Yes,Yes,12,1,No,Yes,1,1,0.0833,1,1,20,26,23,-6,,0.6667,-6,118.8,1.6667,20,16.2581,20,26,23,1.577,1.577,0.0769,2,3,2.5,3,3,3,2.5,3,3,3,2.5,3,3,,15,0.3333,,,1,1,1,,,,,
Ja'Lynn Polk,NE,WR,17,No,Yes,Yes,17,,No,Yes,,,,,,,,,,,0.1176,,,,,,,,,,,,,,,,,,,,,,,,,,15,0.8824,,,,,,,,,,
Jared Wiley,KC,TE,2,Yes,No,No,2,,No,Yes,,,,,,,,,,0.5,0.5,,,,,,,,,,,,,,,,,,,,,,,,,,7,,,,,,,,,,,
James Cook,BUF,RB,24,No,No,No,22,18,No,Yes,18,1,0.8182,17,0.9444,130,155,41,-24,,,-1.3333,115.3,5.9091,7.2222,1.4215,7.6471,9.1176,2.4118,27.1108,27.1108,0.75,19,36,27.5,44.5,36,39,30.5,36,36,36,27.5,36,36,3,16,0.0455,,0.9545,6,2,0.1176,1,0.0556,1,,
Treylon Burks,TEN,WR,6,No,No,No,6,,No,Yes,,,,,,,,,,,0.1667,,,,,,,,,,,,,,,,,,,,,,,,,,5,0.8333,,,,,,,,,,
Dalton Schultz,HST,TE,43,No,Yes,No,40,8,No,No,6,0.75,0.2,6,0.75,47,30,8,20,0.75,0.125,2.5,89.1,1.175,5.875,-0.1917,7.8333,5,1.3333,13.172,13.172,0.186,4.7,10.7,7.7,10.7,13.7,10.7,7.7,10.7,10.7,10.7,7.7,13.7,10.7,1,17,0.075,,0.05,1,,,,,,,
Anthony Gould,IND,WR,1,No,Yes,No,1,,No,Yes,,,,,,,,,,,,,,,,,,,,,,,,,,,,,,,,,,,,,8,1,,,,,,,,,,
George Kittle,SF,TE,25,Yes,Yes,No,23,6,No,No,6,1,0.2609,5,0.8333,33,39,15,-11,0.6522,0.1739,-1.8333,89.6,1.4348,5.5,0.0397,6.6,7.8,3,9.0781,9.0781,0.24,3.3,8.3,5.8,8.3,10.8,8.3,5.8,8.3,8.3,8.3,5.8,10.8,8.3,1,15,0.087,,0.087,1,1,0.2,1,0.1667,,,
Keenan Allen,CHI,WR,24,No,No,No,24,,No,Yes,,,,,,,,,,,0.4167,,,,,,,,,,,,,,,,,,,,,,,,,,15,0.5833,,,,,,,,,,
Isaiah Likely,BLT,TE,14,No,No,Yes,13,4,No,No,4,1,0.3077,4,1,15,18,4,-3,0.6154,0.2308,-0.75,82.3,1.1538,3.75,-1.7077,3.75,4.5,1,5.5509,5.5509,0.2857,1.5,5.5,3.5,5.5,7.5,5.5,3.5,5.5,5.5,5.5,3.5,7.5,5.5,,16,0.1538,,,,,,,,,,
Noah Fant,SEA,TE,29,Yes,Yes,Yes,28,7,No,Yes,6,0.8571,0.25,6,0.8571,64,44,17,22,0.3571,0.5,3.1429,104.8,2.2857,9.1429,2.7914,10.6667,7.3333,2.8333,9.9125,9.9125,0.2414,6.4,12.4,9.4,12.4,15.4,12.4,9.4,12.4,12.4,12.4,9.4,15.4,12.4,,14,0.0357,,0.1071,2,1,0.1667,,,,,
CeeDee Lamb,DAL,WR,34,Yes,Yes,No,34,1,No,Yes,1,1,0.0294,1,1,4,1,,3,,0.6471,3,83.3,0.1176,4,-1.4499,4,1,,1.4062,1.4062,0.0294,0.4,1.4,0.9,1.4,1.4,1.4,0.9,1.4,1.4,1.4,0.9,1.4,1.4,,16,0.3529,,,,,,,,,,
Peyton Hendershot,KC,TE,4,Yes,No,No,4,1,No,Yes,1,1,0.25,1,1,9,9,,,0.75,0.25,,104.2,2.25,9,3.711,9,9,,1.4339,1.4339,0.25,0.9,1.9,1.4,1.9,2.4,1.9,1.4,1.9,1.9,1.9,1.4,2.4,1.9,,7,,,,,1,1,,,,,
Jordan Akins,CLV,TE,18,No,No,Yes,17,5,No,No,4,0.8,0.2941,4,0.8,41,36,6,9,0.7647,0.1765,1.8,100.8,2.4118,8.2,2.3543,10.25,9,1.5,6.8633,6.8633,0.2778,4.1,8.1,6.1,8.1,10.1,8.1,6.1,8.1,8.1,8.1,6.1,10.1,8.1,,17,0.0588,,,2,,,,,,,
